[
    {
        "train_config": {
            "ar": 14805,
            "bn": 2390,
            "en": 1000,
            "fi": 0,
            "id": 10,
            "ko": 1625,
            "ru": 6490,
            "sw": 1000,
            "te": 10
        },
        "eval_results": {
            "ar": 0.841,
            "bn": 0.855,
            "en": 0.7809999999999999,
            "fi": 0.792,
            "id": 0.856,
            "ko": 0.725,
            "ru": 0.7929999999999999,
            "sw": 0.8370000000000001,
            "te": 0.802
        }
    },
    {
        "train_config": {
            "ar": 14805,
            "bn": 1000,
            "en": 10,
            "fi": 0,
            "id": 5702,
            "ko": 0,
            "ru": 1000,
            "sw": 2755,
            "te": 5563
        },
        "eval_results": {
            "ar": 0.848,
            "bn": 0.828,
            "en": 0.7809999999999999,
            "fi": 0.782,
            "id": 0.879,
            "ko": 0.727,
            "ru": 0.775,
            "sw": 0.8540000000000001,
            "te": 0.85
        }
    },
    {
        "train_config": {
            "ar": 0,
            "bn": 2390,
            "en": 1000,
            "fi": 6855,
            "id": 5702,
            "ko": 1000,
            "ru": 6490,
            "sw": 0,
            "te": 0
        },
        "eval_results": {
            "ar": 0.8109999999999999,
            "bn": 0.845,
            "en": 0.775,
            "fi": 0.8170000000000001,
            "id": 0.887,
            "ko": 0.7070000000000001,
            "ru": 0.7859999999999999,
            "sw": 0.8320000000000001,
            "te": 0.763
        }
    },
    {
        "train_config": {
            "ar": 10,
            "bn": 0,
            "en": 100,
            "fi": 1000,
            "id": 1000,
            "ko": 1625,
            "ru": 0,
            "sw": 10,
            "te": 1000
        },
        "eval_results": {
            "ar": 0.782,
            "bn": 0.742,
            "en": 0.743,
            "fi": 0.7559999999999999,
            "id": 0.8220000000000001,
            "ko": 0.696,
            "ru": 0.7,
            "sw": 0.732,
            "te": 0.82
        }
    },
    {
        "train_config": {
            "ar": 0,
            "bn": 10,
            "en": 3696,
            "fi": 6855,
            "id": 0,
            "ko": 1625,
            "ru": 6490,
            "sw": 1000,
            "te": 5563
        },
        "eval_results": {
            "ar": 0.7909999999999999,
            "bn": 0.851,
            "en": 0.777,
            "fi": 0.825,
            "id": 0.87,
            "ko": 0.7390000000000001,
            "ru": 0.789,
            "sw": 0.838,
            "te": 0.848
        }
    },
    {
        "train_config": {
            "ar": 14805,
            "bn": 2390,
            "en": 0,
            "fi": 6855,
            "id": 10,
            "ko": 100,
            "ru": 6490,
            "sw": 2755,
            "te": 5563
        },
        "eval_results": {
            "ar": 0.85,
            "bn": 0.865,
            "en": 0.7809999999999999,
            "fi": 0.8220000000000001,
            "id": 0.882,
            "ko": 0.735,
            "ru": 0.795,
            "sw": 0.855,
            "te": 0.855
        }
    },
    {
        "train_config": {
            "ar": 0,
            "bn": 2390,
            "en": 3696,
            "fi": 0,
            "id": 0,
            "ko": 0,
            "ru": 6490,
            "sw": 0,
            "te": 0
        },
        "eval_results": {
            "ar": 0.7879999999999999,
            "bn": 0.851,
            "en": 0.7709999999999999,
            "fi": 0.764,
            "id": 0.861,
            "ko": 0.6729999999999999,
            "ru": 0.7879999999999999,
            "sw": 0.768,
            "te": 0.8029999999999999
        }
    },
    {
        "train_config": {
            "ar": 0,
            "bn": 0,
            "en": 10,
            "fi": 0,
            "id": 5702,
            "ko": 1625,
            "ru": 10,
            "sw": 0,
            "te": 100
        },
        "eval_results": {
            "ar": 0.797,
            "bn": 0.754,
            "en": 0.741,
            "fi": 0.746,
            "id": 0.868,
            "ko": 0.685,
            "ru": 0.703,
            "sw": 0.7440000000000001,
            "te": 0.785
        }
    },
    {
        "train_config": {
            "ar": 0,
            "bn": 0,
            "en": 3696,
            "fi": 0,
            "id": 0,
            "ko": 1625,
            "ru": 0,
            "sw": 0,
            "te": 0
        },
        "eval_results": {
            "ar": 0.741,
            "bn": 0.747,
            "en": 0.731,
            "fi": 0.715,
            "id": 0.7959999999999999,
            "ko": 0.706,
            "ru": 0.674,
            "sw": 0.726,
            "te": 0.723
        }
    },
    {
        "train_config": {
            "ar": 100,
            "bn": 100,
            "en": 3696,
            "fi": 100,
            "id": 100,
            "ko": 100,
            "ru": 100,
            "sw": 100,
            "te": 100
        },
        "eval_results": {
            "ar": 0.769,
            "bn": 0.7240000000000001,
            "en": 0.731,
            "fi": 0.7070000000000001,
            "id": 0.8079999999999999,
            "ko": 0.6459999999999999,
            "ru": 0.682,
            "sw": 0.721,
            "te": 0.765
        }
    },
    {
        "train_config": {
            "ar": 0,
            "bn": 2390,
            "en": 3696,
            "fi": 6855,
            "id": 5702,
            "ko": 1000,
            "ru": 6490,
            "sw": 2755,
            "te": 1000
        },
        "eval_results": {
            "ar": 0.807,
            "bn": 0.845,
            "en": 0.7859999999999999,
            "fi": 0.826,
            "id": 0.888,
            "ko": 0.74,
            "ru": 0.802,
            "sw": 0.863,
            "te": 0.8440000000000001
        }
    },
    {
        "train_config": {
            "ar": 14805,
            "bn": 0,
            "en": 3696,
            "fi": 1000,
            "id": 5702,
            "ko": 0,
            "ru": 0,
            "sw": 100,
            "te": 0
        },
        "eval_results": {
            "ar": 0.846,
            "bn": 0.7959999999999999,
            "en": 0.7759999999999999,
            "fi": 0.809,
            "id": 0.8759999999999999,
            "ko": 0.7120000000000001,
            "ru": 0.759,
            "sw": 0.782,
            "te": 0.8109999999999999
        }
    },
    {
        "train_config": {
            "ar": 0,
            "bn": 0,
            "en": 10,
            "fi": 6855,
            "id": 0,
            "ko": 0,
            "ru": 6490,
            "sw": 2755,
            "te": 5563
        },
        "eval_results": {
            "ar": 0.784,
            "bn": 0.805,
            "en": 0.7659999999999999,
            "fi": 0.82,
            "id": 0.8740000000000001,
            "ko": 0.713,
            "ru": 0.7979999999999999,
            "sw": 0.861,
            "te": 0.8490000000000001
        }
    },
    {
        "train_config": {
            "ar": 0,
            "bn": 10,
            "en": 10,
            "fi": 0,
            "id": 100,
            "ko": 0,
            "ru": 1000,
            "sw": 0,
            "te": 0
        },
        "eval_results": {
            "ar": 0.337,
            "bn": 0.284,
            "en": 0.34,
            "fi": 0.326,
            "id": 0.35700000000000004,
            "ko": 0.222,
            "ru": 0.327,
            "sw": 0.424,
            "te": 0.184
        }
    },
    {
        "train_config": {
            "ar": 0,
            "bn": 0,
            "en": 3696,
            "fi": 6855,
            "id": 5702,
            "ko": 10,
            "ru": 6490,
            "sw": 10,
            "te": 5563
        },
        "eval_results": {
            "ar": 0.812,
            "bn": 0.841,
            "en": 0.7859999999999999,
            "fi": 0.8290000000000001,
            "id": 0.8959999999999999,
            "ko": 0.722,
            "ru": 0.804,
            "sw": 0.8290000000000001,
            "te": 0.8540000000000001
        }
    },
    {
        "train_config": {
            "ar": 14805,
            "bn": 2390,
            "en": 3696,
            "fi": 6855,
            "id": 5702,
            "ko": 1625,
            "ru": 6490,
            "sw": 2755,
            "te": 5563
        },
        "eval_results": {
            "ar": 0.857,
            "bn": 0.8270000000000001,
            "en": 0.7959999999999999,
            "fi": 0.828,
            "id": 0.8909999999999999,
            "ko": 0.728,
            "ru": 0.8029999999999999,
            "sw": 0.861,
            "te": 0.85
        }
    },
    {
        "train_config": {
            "ar": 0,
            "bn": 0,
            "en": 3696,
            "fi": 0,
            "id": 0,
            "ko": 0,
            "ru": 0,
            "sw": 0,
            "te": 0
        },
        "eval_results": {
            "ar": 0.7559999999999999,
            "bn": 0.685,
            "en": 0.7120000000000001,
            "fi": 0.687,
            "id": 0.799,
            "ko": 0.615,
            "ru": 0.6629999999999999,
            "sw": 0.705,
            "te": 0.7
        }
    },
    {
        "train_config": {
            "ar": 14805,
            "bn": 1000,
            "en": 3696,
            "fi": 6855,
            "id": 0,
            "ko": 0,
            "ru": 6490,
            "sw": 2755,
            "te": 0
        },
        "eval_results": {
            "ar": 0.85,
            "bn": 0.8240000000000001,
            "en": 0.785,
            "fi": 0.826,
            "id": 0.872,
            "ko": 0.723,
            "ru": 0.802,
            "sw": 0.8640000000000001,
            "te": 0.821
        }
    },
    {
        "train_config": {
            "ar": 0,
            "bn": 2390,
            "en": 3696,
            "fi": 6855,
            "id": 5702,
            "ko": 10,
            "ru": 6490,
            "sw": 1000,
            "te": 0
        },
        "eval_results": {
            "ar": 0.816,
            "bn": 0.873,
            "en": 0.7809999999999999,
            "fi": 0.826,
            "id": 0.894,
            "ko": 0.705,
            "ru": 0.802,
            "sw": 0.838,
            "te": 0.835
        }
    },
    {
        "train_config": {
            "ar": 10,
            "bn": 0,
            "en": 10,
            "fi": 0,
            "id": 10,
            "ko": 0,
            "ru": 0,
            "sw": 0,
            "te": 1000
        },
        "eval_results": {
            "ar": 0.32799999999999996,
            "bn": 0.259,
            "en": 0.306,
            "fi": 0.324,
            "id": 0.336,
            "ko": 0.20800000000000002,
            "ru": 0.306,
            "sw": 0.414,
            "te": 0.322
        }
    },
    {
        "train_config": {
            "ar": 100,
            "bn": 1000,
            "en": 1000,
            "fi": 6855,
            "id": 10,
            "ko": 1625,
            "ru": 6490,
            "sw": 2755,
            "te": 100
        },
        "eval_results": {
            "ar": 0.8009999999999999,
            "bn": 0.835,
            "en": 0.774,
            "fi": 0.825,
            "id": 0.878,
            "ko": 0.7190000000000001,
            "ru": 0.795,
            "sw": 0.862,
            "te": 0.8240000000000001
        }
    },
    {
        "train_config": {
            "ar": 0,
            "bn": 2390,
            "en": 3696,
            "fi": 0,
            "id": 0,
            "ko": 0,
            "ru": 0,
            "sw": 0,
            "te": 5563
        },
        "eval_results": {
            "ar": 0.757,
            "bn": 0.828,
            "en": 0.757,
            "fi": 0.747,
            "id": 0.838,
            "ko": 0.6940000000000001,
            "ru": 0.706,
            "sw": 0.763,
            "te": 0.8440000000000001
        }
    },
    {
        "train_config": {
            "ar": 0,
            "bn": 0,
            "en": 0,
            "fi": 0,
            "id": 1000,
            "ko": 0,
            "ru": 0,
            "sw": 2755,
            "te": 10
        },
        "eval_results": {
            "ar": 0.754,
            "bn": 0.737,
            "en": 0.708,
            "fi": 0.6729999999999999,
            "id": 0.82,
            "ko": 0.594,
            "ru": 0.6970000000000001,
            "sw": 0.823,
            "te": 0.748
        }
    },
    {
        "train_config": {
            "ar": 10,
            "bn": 10,
            "en": 3696,
            "fi": 10,
            "id": 10,
            "ko": 10,
            "ru": 10,
            "sw": 10,
            "te": 10
        },
        "eval_results": {
            "ar": 0.721,
            "bn": 0.725,
            "en": 0.7190000000000001,
            "fi": 0.6890000000000001,
            "id": 0.795,
            "ko": 0.629,
            "ru": 0.674,
            "sw": 0.696,
            "te": 0.711
        }
    },
    {
        "train_config": {
            "ar": 14805,
            "bn": 0,
            "en": 3696,
            "fi": 0,
            "id": 0,
            "ko": 0,
            "ru": 0,
            "sw": 0,
            "te": 0
        },
        "eval_results": {
            "ar": 0.8490000000000001,
            "bn": 0.787,
            "en": 0.769,
            "fi": 0.777,
            "id": 0.851,
            "ko": 0.698,
            "ru": 0.7440000000000001,
            "sw": 0.752,
            "te": 0.799
        }
    },
    {
        "train_config": {
            "ar": 14805,
            "bn": 0,
            "en": 3696,
            "fi": 6855,
            "id": 0,
            "ko": 1625,
            "ru": 6490,
            "sw": 0,
            "te": 0
        },
        "eval_results": {
            "ar": 0.85,
            "bn": 0.792,
            "en": 0.7829999999999999,
            "fi": 0.823,
            "id": 0.878,
            "ko": 0.721,
            "ru": 0.797,
            "sw": 0.7759999999999999,
            "te": 0.8290000000000001
        }
    }
]