[
    {
        "train_config": {
            "ar": 14805,
            "bn": 2390,
            "en": 1000,
            "fi": 0,
            "id": 10,
            "ko": 1625,
            "ru": 6490,
            "sw": 1000,
            "te": 10
        },
        "eval_results": {
            "ar": 0.6446999999999999,
            "de": 0.7011333333333333,
            "el": 0.6910333333333334,
            "en": 0.7651666666666667,
            "es": 0.7170333333333333,
            "hi": 0.6780333333333334,
            "ro": 0.7388,
            "ru": 0.6974333333333332,
            "th": 0.6698,
            "tr": 0.6769666666666666,
            "vi": 0.7056666666666667
        }
    },
    {
        "train_config": {
            "ar": 14805,
            "bn": 1000,
            "en": 10,
            "fi": 0,
            "id": 5702,
            "ko": 0,
            "ru": 1000,
            "sw": 2755,
            "te": 5563
        },
        "eval_results": {
            "ar": 0.6564333333333333,
            "de": 0.7116000000000001,
            "el": 0.6994333333333334,
            "en": 0.7692666666666667,
            "es": 0.7220333333333334,
            "hi": 0.6786,
            "ro": 0.7524666666666667,
            "ru": 0.7027000000000001,
            "th": 0.6861333333333333,
            "tr": 0.6727,
            "vi": 0.7132999999999999
        }
    },
    {
        "train_config": {
            "ar": 0,
            "bn": 2390,
            "en": 1000,
            "fi": 6855,
            "id": 5702,
            "ko": 1000,
            "ru": 6490,
            "sw": 0,
            "te": 0
        },
        "eval_results": {
            "ar": 0.6745000000000001,
            "de": 0.7214,
            "el": 0.7107666666666667,
            "en": 0.7684666666666665,
            "es": 0.7317333333333332,
            "hi": 0.6918666666666667,
            "ro": 0.7527666666666667,
            "ru": 0.7046666666666667,
            "th": 0.7030333333333334,
            "tr": 0.6890333333333333,
            "vi": 0.7204666666666667
        }
    },
    {
        "train_config": {
            "ar": 10,
            "bn": 0,
            "en": 100,
            "fi": 1000,
            "id": 1000,
            "ko": 1625,
            "ru": 0,
            "sw": 10,
            "te": 1000
        },
        "eval_results": {
            "ar": 0.5885,
            "de": 0.6489666666666666,
            "el": 0.6317333333333334,
            "en": 0.6974,
            "es": 0.6534,
            "hi": 0.6186333333333334,
            "ro": 0.6745333333333333,
            "ru": 0.6424666666666666,
            "th": 0.6246333333333333,
            "tr": 0.6144666666666666,
            "vi": 0.6456
        }
    },
    {
        "train_config": {
            "ar": 0,
            "bn": 10,
            "en": 3696,
            "fi": 6855,
            "id": 0,
            "ko": 1625,
            "ru": 6490,
            "sw": 1000,
            "te": 5563
        },
        "eval_results": {
            "ar": 0.6590333333333334,
            "de": 0.7126333333333333,
            "el": 0.7000333333333334,
            "en": 0.7604000000000001,
            "es": 0.7185333333333334,
            "hi": 0.6852333333333332,
            "ro": 0.7437666666666667,
            "ru": 0.7016,
            "th": 0.6894333333333332,
            "tr": 0.6813666666666668,
            "vi": 0.7105666666666667
        }
    },
    {
        "train_config": {
            "ar": 14805,
            "bn": 2390,
            "en": 0,
            "fi": 6855,
            "id": 10,
            "ko": 100,
            "ru": 6490,
            "sw": 2755,
            "te": 5563
        },
        "eval_results": {
            "ar": 0.6529666666666667,
            "de": 0.7133333333333334,
            "el": 0.7033999999999999,
            "en": 0.7723666666666666,
            "es": 0.7239666666666666,
            "hi": 0.6869666666666667,
            "ro": 0.7463666666666667,
            "ru": 0.7082999999999999,
            "th": 0.6829666666666666,
            "tr": 0.6843,
            "vi": 0.7157666666666667
        }
    },
    {
        "train_config": {
            "ar": 0,
            "bn": 2390,
            "en": 3696,
            "fi": 0,
            "id": 0,
            "ko": 0,
            "ru": 6490,
            "sw": 0,
            "te": 0
        },
        "eval_results": {
            "ar": 0.6457333333333333,
            "de": 0.6906333333333333,
            "el": 0.684,
            "en": 0.7455999999999999,
            "es": 0.7052666666666667,
            "hi": 0.6681666666666667,
            "ro": 0.7271333333333333,
            "ru": 0.6847666666666666,
            "th": 0.6747000000000001,
            "tr": 0.6642333333333333,
            "vi": 0.6930666666666667
        }
    },
    {
        "train_config": {
            "ar": 0,
            "bn": 0,
            "en": 10,
            "fi": 0,
            "id": 5702,
            "ko": 1625,
            "ru": 10,
            "sw": 0,
            "te": 100
        },
        "eval_results": {
            "ar": 0.6229,
            "de": 0.6637000000000001,
            "el": 0.6457,
            "en": 0.7171,
            "es": 0.6769666666666666,
            "hi": 0.6406666666666667,
            "ro": 0.6971999999999999,
            "ru": 0.6586,
            "th": 0.6432333333333333,
            "tr": 0.6249666666666667,
            "vi": 0.6689333333333334
        }
    },
    {
        "train_config": {
            "ar": 0,
            "bn": 0,
            "en": 3696,
            "fi": 0,
            "id": 0,
            "ko": 1625,
            "ru": 0,
            "sw": 0,
            "te": 0
        },
        "eval_results": {
            "ar": 0.5789,
            "de": 0.6276999999999999,
            "el": 0.6076666666666667,
            "en": 0.6819333333333333,
            "es": 0.6291666666666667,
            "hi": 0.6007000000000001,
            "ro": 0.6551,
            "ru": 0.6251666666666666,
            "th": 0.6034666666666667,
            "tr": 0.5965333333333334,
            "vi": 0.6374
        }
    },
    {
        "train_config": {
            "ar": 100,
            "bn": 100,
            "en": 3696,
            "fi": 100,
            "id": 100,
            "ko": 100,
            "ru": 100,
            "sw": 100,
            "te": 100
        },
        "eval_results": {
            "ar": 0.5516666666666666,
            "de": 0.5978666666666667,
            "el": 0.5827,
            "en": 0.6601333333333333,
            "es": 0.6051333333333333,
            "hi": 0.5658333333333333,
            "ro": 0.6282,
            "ru": 0.5968,
            "th": 0.5702666666666666,
            "tr": 0.5621999999999999,
            "vi": 0.6062333333333333
        }
    },
    {
        "train_config": {
            "ar": 0,
            "bn": 2390,
            "en": 3696,
            "fi": 6855,
            "id": 5702,
            "ko": 1000,
            "ru": 6490,
            "sw": 2755,
            "te": 1000
        },
        "eval_results": {
            "ar": 0.6746,
            "de": 0.7188333333333334,
            "el": 0.7070666666666666,
            "en": 0.7762333333333333,
            "es": 0.7288333333333333,
            "hi": 0.6884,
            "ro": 0.755,
            "ru": 0.7108666666666666,
            "th": 0.6937333333333333,
            "tr": 0.6846,
            "vi": 0.7186
        }
    },
    {
        "train_config": {
            "ar": 14805,
            "bn": 0,
            "en": 3696,
            "fi": 1000,
            "id": 5702,
            "ko": 0,
            "ru": 0,
            "sw": 100,
            "te": 0
        },
        "eval_results": {
            "ar": 0.6390666666666667,
            "de": 0.6889333333333334,
            "el": 0.6770333333333333,
            "en": 0.7495333333333334,
            "es": 0.7014333333333332,
            "hi": 0.6396999999999999,
            "ro": 0.7313999999999999,
            "ru": 0.6887666666666666,
            "th": 0.6617666666666667,
            "tr": 0.6451666666666666,
            "vi": 0.701
        }
    },
    {
        "train_config": {
            "ar": 0,
            "bn": 0,
            "en": 10,
            "fi": 6855,
            "id": 0,
            "ko": 0,
            "ru": 6490,
            "sw": 2755,
            "te": 5563
        },
        "eval_results": {
            "ar": 0.6609666666666666,
            "de": 0.7061666666666667,
            "el": 0.6942333333333334,
            "en": 0.7661666666666668,
            "es": 0.7173000000000002,
            "hi": 0.6744666666666667,
            "ro": 0.7403666666666667,
            "ru": 0.6966,
            "th": 0.6807,
            "tr": 0.6664333333333333,
            "vi": 0.6991666666666667
        }
    },
    {
        "train_config": {
            "ar": 0,
            "bn": 10,
            "en": 10,
            "fi": 0,
            "id": 100,
            "ko": 0,
            "ru": 1000,
            "sw": 0,
            "te": 0
        },
        "eval_results": {
            "ar": 0.08686666666666666,
            "de": 0.09126666666666666,
            "el": 0.08386666666666666,
            "en": 0.09249999999999999,
            "es": 0.09603333333333335,
            "hi": 0.08850000000000001,
            "ro": 0.0959,
            "ru": 0.08653333333333334,
            "th": 0.09323333333333333,
            "tr": 0.0797,
            "vi": 0.09386666666666667
        }
    },
    {
        "train_config": {
            "ar": 0,
            "bn": 0,
            "en": 3696,
            "fi": 6855,
            "id": 5702,
            "ko": 10,
            "ru": 6490,
            "sw": 10,
            "te": 5563
        },
        "eval_results": {
            "ar": 0.6574,
            "de": 0.7047,
            "el": 0.6954666666666668,
            "en": 0.7633333333333333,
            "es": 0.7240333333333333,
            "hi": 0.6735333333333333,
            "ro": 0.7449,
            "ru": 0.7043666666666666,
            "th": 0.6819333333333333,
            "tr": 0.6778333333333334,
            "vi": 0.7052
        }
    },
    {
        "train_config": {
            "ar": 14805,
            "bn": 2390,
            "en": 3696,
            "fi": 6855,
            "id": 5702,
            "ko": 1625,
            "ru": 6490,
            "sw": 2755,
            "te": 5563
        },
        "eval_results": {
            "ar": 0.6664666666666667,
            "de": 0.7128333333333333,
            "el": 0.7049,
            "en": 0.7754,
            "es": 0.7317666666666667,
            "hi": 0.6913666666666667,
            "ro": 0.7535999999999999,
            "ru": 0.7097000000000001,
            "th": 0.6914666666666666,
            "tr": 0.6828333333333334,
            "vi": 0.7296333333333332
        }
    },
    {
        "train_config": {
            "ar": 0,
            "bn": 0,
            "en": 3696,
            "fi": 0,
            "id": 0,
            "ko": 0,
            "ru": 0,
            "sw": 0,
            "te": 0
        },
        "eval_results": {
            "ar": 0.5193,
            "de": 0.5584333333333333,
            "el": 0.5288333333333334,
            "en": 0.6180666666666667,
            "es": 0.5714333333333333,
            "hi": 0.5137666666666667,
            "ro": 0.5827,
            "ru": 0.5543333333333333,
            "th": 0.5089,
            "tr": 0.5041666666666667,
            "vi": 0.5527000000000001
        }
    },
    {
        "train_config": {
            "ar": 14805,
            "bn": 1000,
            "en": 3696,
            "fi": 6855,
            "id": 0,
            "ko": 0,
            "ru": 6490,
            "sw": 2755,
            "te": 0
        },
        "eval_results": {
            "ar": 0.654,
            "de": 0.7092,
            "el": 0.69855,
            "en": 0.7697999999999999,
            "es": 0.7258,
            "hi": 0.67505,
            "ro": 0.745,
            "ru": 0.70485,
            "th": 0.6712,
            "tr": 0.68295,
            "vi": 0.7120500000000001
        }
    },
    {
        "train_config": {
            "ar": 0,
            "bn": 2390,
            "en": 3696,
            "fi": 6855,
            "id": 5702,
            "ko": 10,
            "ru": 6490,
            "sw": 1000,
            "te": 0
        },
        "eval_results": {
            "ar": 0.6648333333333334,
            "de": 0.7132999999999999,
            "el": 0.7002666666666667,
            "en": 0.7650333333333333,
            "es": 0.7178666666666667,
            "hi": 0.6784,
            "ro": 0.7429666666666667,
            "ru": 0.7042333333333334,
            "th": 0.6867333333333333,
            "tr": 0.6812999999999999,
            "vi": 0.7077
        }
    },
    {
        "train_config": {
            "ar": 10,
            "bn": 0,
            "en": 10,
            "fi": 0,
            "id": 10,
            "ko": 0,
            "ru": 0,
            "sw": 0,
            "te": 1000
        },
        "eval_results": {
            "ar": 0.09346666666666666,
            "de": 0.09653333333333332,
            "el": 0.0929,
            "en": 0.09063333333333334,
            "es": 0.1029,
            "hi": 0.0993,
            "ro": 0.1014666666666667,
            "ru": 0.08983333333333332,
            "th": 0.1052666666666667,
            "tr": 0.0833,
            "vi": 0.09556666666666665
        }
    },
    {
        "train_config": {
            "ar": 100,
            "bn": 1000,
            "en": 1000,
            "fi": 6855,
            "id": 10,
            "ko": 1625,
            "ru": 6490,
            "sw": 2755,
            "te": 100
        },
        "eval_results": {
            "ar": 0.6629666666666667,
            "de": 0.7114666666666666,
            "el": 0.7036666666666666,
            "en": 0.7646000000000001,
            "es": 0.7186666666666666,
            "hi": 0.6870333333333334,
            "ro": 0.7413,
            "ru": 0.6947333333333333,
            "th": 0.6978,
            "tr": 0.6819666666666667,
            "vi": 0.7142333333333334
        }
    },
    {
        "train_config": {
            "ar": 0,
            "bn": 2390,
            "en": 3696,
            "fi": 0,
            "id": 0,
            "ko": 0,
            "ru": 0,
            "sw": 0,
            "te": 5563
        },
        "eval_results": {
            "ar": 0.6351666666666667,
            "de": 0.6747000000000001,
            "el": 0.6727,
            "en": 0.7421000000000001,
            "es": 0.6888666666666667,
            "hi": 0.6588666666666666,
            "ro": 0.7183999999999999,
            "ru": 0.6836000000000001,
            "th": 0.6615666666666666,
            "tr": 0.6569666666666667,
            "vi": 0.6833666666666667
        }
    },
    {
        "train_config": {
            "ar": 0,
            "bn": 0,
            "en": 0,
            "fi": 0,
            "id": 1000,
            "ko": 0,
            "ru": 0,
            "sw": 2755,
            "te": 10
        },
        "eval_results": {
            "ar": 0.5413666666666667,
            "de": 0.5837333333333333,
            "el": 0.5679,
            "en": 0.6445,
            "es": 0.6058333333333333,
            "hi": 0.5543,
            "ro": 0.6235666666666667,
            "ru": 0.5850666666666666,
            "th": 0.5694666666666667,
            "tr": 0.5526333333333333,
            "vi": 0.5994333333333334
        }
    },
    {
        "train_config": {
            "ar": 10,
            "bn": 10,
            "en": 3696,
            "fi": 10,
            "id": 10,
            "ko": 10,
            "ru": 10,
            "sw": 10,
            "te": 10
        },
        "eval_results": {
            "ar": 0.5097666666666667,
            "de": 0.5455,
            "el": 0.5327000000000001,
            "en": 0.6138,
            "es": 0.5590333333333334,
            "hi": 0.5182333333333333,
            "ro": 0.5769000000000001,
            "ru": 0.5531333333333334,
            "th": 0.5268,
            "tr": 0.5094,
            "vi": 0.5603666666666667
        }
    },
    {
        "train_config": {
            "ar": 14805,
            "bn": 0,
            "en": 3696,
            "fi": 0,
            "id": 0,
            "ko": 0,
            "ru": 0,
            "sw": 0,
            "te": 0
        },
        "eval_results": {
            "ar": 0.6271,
            "de": 0.6708666666666666,
            "el": 0.6509999999999999,
            "en": 0.7270333333333333,
            "es": 0.6778,
            "hi": 0.6102333333333333,
            "ro": 0.7020333333333334,
            "ru": 0.6636333333333333,
            "th": 0.6382,
            "tr": 0.6218333333333333,
            "vi": 0.6703000000000001
        }
    },
    {
        "train_config": {
            "ar": 14805,
            "bn": 0,
            "en": 3696,
            "fi": 6855,
            "id": 0,
            "ko": 1625,
            "ru": 6490,
            "sw": 0,
            "te": 0
        },
        "eval_results": {
            "ar": 0.6572333333333334,
            "de": 0.7073666666666667,
            "el": 0.6980666666666666,
            "en": 0.7648,
            "es": 0.7203333333333334,
            "hi": 0.6747333333333333,
            "ro": 0.7429,
            "ru": 0.7090666666666667,
            "th": 0.6795,
            "tr": 0.6812333333333335,
            "vi": 0.7118000000000001
        }
    }
]