[
    {
        "train_config": {
            "ar": 14805,
            "bn": 2390,
            "en": 1000,
            "fi": 0,
            "id": 10,
            "ko": 1625,
            "ru": 6490,
            "sw": 1000,
            "te": 10
        },
        "eval_results": {
            "ar": 0.679,
            "de": 0.727,
            "el": 0.7120000000000001,
            "en": 0.7759999999999999,
            "es": 0.7170000000000001,
            "hi": 0.7,
            "ro": 0.748,
            "ru": 0.6990000000000001,
            "th": 0.684,
            "tr": 0.674,
            "vi": 0.7190000000000001
        }
    },
    {
        "train_config": {
            "ar": 14805,
            "bn": 1000,
            "en": 10,
            "fi": 0,
            "id": 5702,
            "ko": 0,
            "ru": 1000,
            "sw": 2755,
            "te": 5563
        },
        "eval_results": {
            "ar": 0.693,
            "de": 0.728,
            "el": 0.722,
            "en": 0.767,
            "es": 0.725,
            "hi": 0.698,
            "ro": 0.7490000000000001,
            "ru": 0.7090000000000001,
            "th": 0.6859999999999999,
            "tr": 0.693,
            "vi": 0.7340000000000001
        }
    },
    {
        "train_config": {
            "ar": 0,
            "bn": 2390,
            "en": 1000,
            "fi": 6855,
            "id": 5702,
            "ko": 1000,
            "ru": 6490,
            "sw": 0,
            "te": 0
        },
        "eval_results": {
            "ar": 0.684,
            "de": 0.732,
            "el": 0.7170000000000001,
            "en": 0.774,
            "es": 0.723,
            "hi": 0.701,
            "ro": 0.746,
            "ru": 0.7140000000000001,
            "th": 0.691,
            "tr": 0.6859999999999999,
            "vi": 0.726
        }
    },
    {
        "train_config": {
            "ar": 10,
            "bn": 0,
            "en": 100,
            "fi": 1000,
            "id": 1000,
            "ko": 1625,
            "ru": 0,
            "sw": 10,
            "te": 1000
        },
        "eval_results": {
            "ar": 0.603,
            "de": 0.6559999999999999,
            "el": 0.633,
            "en": 0.685,
            "es": 0.64,
            "hi": 0.634,
            "ro": 0.662,
            "ru": 0.621,
            "th": 0.616,
            "tr": 0.611,
            "vi": 0.644
        }
    },
    {
        "train_config": {
            "ar": 0,
            "bn": 10,
            "en": 3696,
            "fi": 6855,
            "id": 0,
            "ko": 1625,
            "ru": 6490,
            "sw": 1000,
            "te": 5563
        },
        "eval_results": {
            "ar": 0.6940000000000001,
            "de": 0.73,
            "el": 0.7170000000000001,
            "en": 0.782,
            "es": 0.722,
            "hi": 0.711,
            "ro": 0.757,
            "ru": 0.7170000000000001,
            "th": 0.696,
            "tr": 0.696,
            "vi": 0.735
        }
    },
    {
        "train_config": {
            "ar": 14805,
            "bn": 2390,
            "en": 0,
            "fi": 6855,
            "id": 10,
            "ko": 100,
            "ru": 6490,
            "sw": 2755,
            "te": 5563
        },
        "eval_results": {
            "ar": 0.695,
            "de": 0.737,
            "el": 0.718,
            "en": 0.785,
            "es": 0.737,
            "hi": 0.7190000000000001,
            "ro": 0.7509999999999999,
            "ru": 0.723,
            "th": 0.696,
            "tr": 0.7,
            "vi": 0.737
        }
    },
    {
        "train_config": {
            "ar": 0,
            "bn": 2390,
            "en": 3696,
            "fi": 0,
            "id": 0,
            "ko": 0,
            "ru": 6490,
            "sw": 0,
            "te": 0
        },
        "eval_results": {
            "ar": 0.6759999999999999,
            "de": 0.7070000000000001,
            "el": 0.713,
            "en": 0.764,
            "es": 0.7040000000000001,
            "hi": 0.682,
            "ro": 0.7340000000000001,
            "ru": 0.701,
            "th": 0.664,
            "tr": 0.6609999999999999,
            "vi": 0.711
        }
    },
    {
        "train_config": {
            "ar": 0,
            "bn": 0,
            "en": 10,
            "fi": 0,
            "id": 5702,
            "ko": 1625,
            "ru": 10,
            "sw": 0,
            "te": 100
        },
        "eval_results": {
            "ar": 0.637,
            "de": 0.677,
            "el": 0.6629999999999999,
            "en": 0.726,
            "es": 0.6759999999999999,
            "hi": 0.6459999999999999,
            "ro": 0.6859999999999999,
            "ru": 0.652,
            "th": 0.642,
            "tr": 0.631,
            "vi": 0.6779999999999999
        }
    },
    {
        "train_config": {
            "ar": 0,
            "bn": 0,
            "en": 3696,
            "fi": 0,
            "id": 0,
            "ko": 1625,
            "ru": 0,
            "sw": 0,
            "te": 0
        },
        "eval_results": {
            "ar": 0.606,
            "de": 0.636,
            "el": 0.637,
            "en": 0.687,
            "es": 0.645,
            "hi": 0.624,
            "ro": 0.659,
            "ru": 0.627,
            "th": 0.606,
            "tr": 0.606,
            "vi": 0.6459999999999999
        }
    },
    {
        "train_config": {
            "ar": 100,
            "bn": 100,
            "en": 3696,
            "fi": 100,
            "id": 100,
            "ko": 100,
            "ru": 100,
            "sw": 100,
            "te": 100
        },
        "eval_results": {
            "ar": 0.5660000000000001,
            "de": 0.588,
            "el": 0.5920000000000001,
            "en": 0.636,
            "es": 0.595,
            "hi": 0.557,
            "ro": 0.609,
            "ru": 0.57,
            "th": 0.556,
            "tr": 0.54,
            "vi": 0.591
        }
    },
    {
        "train_config": {
            "ar": 0,
            "bn": 2390,
            "en": 3696,
            "fi": 6855,
            "id": 5702,
            "ko": 1000,
            "ru": 6490,
            "sw": 2755,
            "te": 1000
        },
        "eval_results": {
            "ar": 0.6990000000000001,
            "de": 0.735,
            "el": 0.7290000000000001,
            "en": 0.789,
            "es": 0.741,
            "hi": 0.7170000000000001,
            "ro": 0.759,
            "ru": 0.726,
            "th": 0.693,
            "tr": 0.6970000000000001,
            "vi": 0.738
        }
    },
    {
        "train_config": {
            "ar": 14805,
            "bn": 0,
            "en": 3696,
            "fi": 1000,
            "id": 5702,
            "ko": 0,
            "ru": 0,
            "sw": 100,
            "te": 0
        },
        "eval_results": {
            "ar": 0.6779999999999999,
            "de": 0.7190000000000001,
            "el": 0.7,
            "en": 0.765,
            "es": 0.7190000000000001,
            "hi": 0.675,
            "ro": 0.7440000000000001,
            "ru": 0.6920000000000001,
            "th": 0.6779999999999999,
            "tr": 0.662,
            "vi": 0.7070000000000001
        }
    },
    {
        "train_config": {
            "ar": 0,
            "bn": 0,
            "en": 10,
            "fi": 6855,
            "id": 0,
            "ko": 0,
            "ru": 6490,
            "sw": 2755,
            "te": 5563
        },
        "eval_results": {
            "ar": 0.6759999999999999,
            "de": 0.726,
            "el": 0.723,
            "en": 0.769,
            "es": 0.72,
            "hi": 0.6940000000000001,
            "ro": 0.742,
            "ru": 0.7190000000000001,
            "th": 0.664,
            "tr": 0.6729999999999999,
            "vi": 0.713
        }
    },
    {
        "train_config": {
            "ar": 0,
            "bn": 10,
            "en": 10,
            "fi": 0,
            "id": 100,
            "ko": 0,
            "ru": 1000,
            "sw": 0,
            "te": 0
        },
        "eval_results": {
            "ar": 0.128,
            "de": 0.127,
            "el": 0.124,
            "en": 0.138,
            "es": 0.145,
            "hi": 0.11900000000000001,
            "ro": 0.14,
            "ru": 0.127,
            "th": 0.11199999999999999,
            "tr": 0.127,
            "vi": 0.127
        }
    },
    {
        "train_config": {
            "ar": 0,
            "bn": 0,
            "en": 3696,
            "fi": 6855,
            "id": 5702,
            "ko": 10,
            "ru": 6490,
            "sw": 10,
            "te": 5563
        },
        "eval_results": {
            "ar": 0.693,
            "de": 0.723,
            "el": 0.731,
            "en": 0.789,
            "es": 0.7340000000000001,
            "hi": 0.7140000000000001,
            "ro": 0.7509999999999999,
            "ru": 0.723,
            "th": 0.6970000000000001,
            "tr": 0.6970000000000001,
            "vi": 0.7390000000000001
        }
    },
    {
        "train_config": {
            "ar": 14805,
            "bn": 2390,
            "en": 3696,
            "fi": 6855,
            "id": 5702,
            "ko": 1625,
            "ru": 6490,
            "sw": 2755,
            "te": 5563
        },
        "eval_results": {
            "ar": 0.6970000000000001,
            "de": 0.732,
            "el": 0.722,
            "en": 0.7759999999999999,
            "es": 0.728,
            "hi": 0.715,
            "ro": 0.76,
            "ru": 0.718,
            "th": 0.701,
            "tr": 0.6970000000000001,
            "vi": 0.7390000000000001
        }
    },
    {
        "train_config": {
            "ar": 0,
            "bn": 0,
            "en": 3696,
            "fi": 0,
            "id": 0,
            "ko": 0,
            "ru": 0,
            "sw": 0,
            "te": 0
        },
        "eval_results": {
            "ar": 0.5379999999999999,
            "de": 0.573,
            "el": 0.579,
            "en": 0.62,
            "es": 0.5770000000000001,
            "hi": 0.525,
            "ro": 0.584,
            "ru": 0.563,
            "th": 0.534,
            "tr": 0.503,
            "vi": 0.585
        }
    },
    {
        "train_config": {
            "ar": 14805,
            "bn": 1000,
            "en": 3696,
            "fi": 6855,
            "id": 0,
            "ko": 0,
            "ru": 6490,
            "sw": 2755,
            "te": 0
        },
        "eval_results": {
            "ar": 0.693,
            "de": 0.7290000000000001,
            "el": 0.725,
            "en": 0.782,
            "es": 0.7340000000000001,
            "hi": 0.708,
            "ro": 0.753,
            "ru": 0.7240000000000001,
            "th": 0.672,
            "tr": 0.6920000000000001,
            "vi": 0.726
        }
    },
    {
        "train_config": {
            "ar": 0,
            "bn": 2390,
            "en": 3696,
            "fi": 6855,
            "id": 5702,
            "ko": 10,
            "ru": 6490,
            "sw": 1000,
            "te": 0
        },
        "eval_results": {
            "ar": 0.695,
            "de": 0.725,
            "el": 0.723,
            "en": 0.7829999999999999,
            "es": 0.735,
            "hi": 0.7090000000000001,
            "ro": 0.757,
            "ru": 0.7190000000000001,
            "th": 0.695,
            "tr": 0.6890000000000001,
            "vi": 0.738
        }
    },
    {
        "train_config": {
            "ar": 10,
            "bn": 0,
            "en": 10,
            "fi": 0,
            "id": 10,
            "ko": 0,
            "ru": 0,
            "sw": 0,
            "te": 1000
        },
        "eval_results": {
            "ar": 0.131,
            "de": 0.133,
            "el": 0.11900000000000001,
            "en": 0.139,
            "es": 0.15,
            "hi": 0.12300000000000001,
            "ro": 0.138,
            "ru": 0.128,
            "th": 0.133,
            "tr": 0.127,
            "vi": 0.141
        }
    },
    {
        "train_config": {
            "ar": 100,
            "bn": 1000,
            "en": 1000,
            "fi": 6855,
            "id": 10,
            "ko": 1625,
            "ru": 6490,
            "sw": 2755,
            "te": 100
        },
        "eval_results": {
            "ar": 0.693,
            "de": 0.722,
            "el": 0.72,
            "en": 0.78,
            "es": 0.725,
            "hi": 0.703,
            "ro": 0.7390000000000001,
            "ru": 0.715,
            "th": 0.68,
            "tr": 0.6859999999999999,
            "vi": 0.731
        }
    },
    {
        "train_config": {
            "ar": 0,
            "bn": 2390,
            "en": 3696,
            "fi": 0,
            "id": 0,
            "ko": 0,
            "ru": 0,
            "sw": 0,
            "te": 5563
        },
        "eval_results": {
            "ar": 0.639,
            "de": 0.6940000000000001,
            "el": 0.6729999999999999,
            "en": 0.7290000000000001,
            "es": 0.6779999999999999,
            "hi": 0.66,
            "ro": 0.687,
            "ru": 0.66,
            "th": 0.6559999999999999,
            "tr": 0.64,
            "vi": 0.68
        }
    },
    {
        "train_config": {
            "ar": 0,
            "bn": 0,
            "en": 0,
            "fi": 0,
            "id": 1000,
            "ko": 0,
            "ru": 0,
            "sw": 2755,
            "te": 10
        },
        "eval_results": {
            "ar": 0.5579999999999999,
            "de": 0.5770000000000001,
            "el": 0.579,
            "en": 0.634,
            "es": 0.603,
            "hi": 0.5479999999999999,
            "ro": 0.612,
            "ru": 0.568,
            "th": 0.532,
            "tr": 0.506,
            "vi": 0.604
        }
    },
    {
        "train_config": {
            "ar": 10,
            "bn": 10,
            "en": 3696,
            "fi": 10,
            "id": 10,
            "ko": 10,
            "ru": 10,
            "sw": 10,
            "te": 10
        },
        "eval_results": {
            "ar": 0.546,
            "de": 0.579,
            "el": 0.563,
            "en": 0.624,
            "es": 0.5760000000000001,
            "hi": 0.545,
            "ro": 0.597,
            "ru": 0.5539999999999999,
            "th": 0.534,
            "tr": 0.5379999999999999,
            "vi": 0.575
        }
    },
    {
        "train_config": {
            "ar": 14805,
            "bn": 0,
            "en": 3696,
            "fi": 0,
            "id": 0,
            "ko": 0,
            "ru": 0,
            "sw": 0,
            "te": 0
        },
        "eval_results": {
            "ar": 0.665,
            "de": 0.674,
            "el": 0.6829999999999999,
            "en": 0.722,
            "es": 0.685,
            "hi": 0.636,
            "ro": 0.7140000000000001,
            "ru": 0.6659999999999999,
            "th": 0.622,
            "tr": 0.631,
            "vi": 0.677
        }
    },
    {
        "train_config": {
            "ar": 14805,
            "bn": 0,
            "en": 3696,
            "fi": 6855,
            "id": 0,
            "ko": 1625,
            "ru": 6490,
            "sw": 0,
            "te": 0
        },
        "eval_results": {
            "ar": 0.695,
            "de": 0.731,
            "el": 0.7120000000000001,
            "en": 0.775,
            "es": 0.7290000000000001,
            "hi": 0.7040000000000001,
            "ro": 0.747,
            "ru": 0.718,
            "th": 0.677,
            "tr": 0.682,
            "vi": 0.721
        }
    }
]