[
    {
        "train_config": {
            "ar": 14805,
            "bn": 2390,
            "en": 1000,
            "fi": 0,
            "id": 10,
            "ko": 1625,
            "ru": 6490,
            "sw": 1000,
            "te": 10
        },
        "eval_results": {
            "ar": 0.8304666666666667,
            "bn": 0.8369666666666666,
            "en": 0.7736000000000001,
            "fi": 0.7869,
            "id": 0.8528666666666668,
            "ko": 0.6847,
            "ru": 0.7882666666666666,
            "sw": 0.8431000000000001,
            "te": 0.8191
        }
    },
    {
        "train_config": {
            "ar": 14805,
            "bn": 1000,
            "en": 10,
            "fi": 0,
            "id": 5702,
            "ko": 0,
            "ru": 1000,
            "sw": 2755,
            "te": 5563
        },
        "eval_results": {
            "ar": 0.8348666666666666,
            "bn": 0.8370000000000001,
            "en": 0.7679,
            "fi": 0.7816000000000001,
            "id": 0.8726333333333334,
            "ko": 0.6920999999999999,
            "ru": 0.7869333333333334,
            "sw": 0.8516333333333334,
            "te": 0.8472
        }
    },
    {
        "train_config": {
            "ar": 0,
            "bn": 2390,
            "en": 1000,
            "fi": 6855,
            "id": 5702,
            "ko": 1000,
            "ru": 6490,
            "sw": 0,
            "te": 0
        },
        "eval_results": {
            "ar": 0.7989333333333334,
            "bn": 0.8502000000000001,
            "en": 0.7776,
            "fi": 0.8291666666666666,
            "id": 0.8789666666666666,
            "ko": 0.6899666666666667,
            "ru": 0.7862,
            "sw": 0.8281333333333333,
            "te": 0.8226333333333334
        }
    },
    {
        "train_config": {
            "ar": 10,
            "bn": 0,
            "en": 100,
            "fi": 1000,
            "id": 1000,
            "ko": 1625,
            "ru": 0,
            "sw": 10,
            "te": 1000
        },
        "eval_results": {
            "ar": 0.7665000000000001,
            "bn": 0.7304666666666666,
            "en": 0.7332333333333333,
            "fi": 0.7715333333333333,
            "id": 0.8247666666666666,
            "ko": 0.6559666666666667,
            "ru": 0.6969666666666666,
            "sw": 0.7336666666666666,
            "te": 0.8103000000000001
        }
    },
    {
        "train_config": {
            "ar": 0,
            "bn": 10,
            "en": 3696,
            "fi": 6855,
            "id": 0,
            "ko": 1625,
            "ru": 6490,
            "sw": 1000,
            "te": 5563
        },
        "eval_results": {
            "ar": 0.7904333333333334,
            "bn": 0.8081666666666667,
            "en": 0.7675666666666666,
            "fi": 0.8256333333333332,
            "id": 0.8529,
            "ko": 0.6699,
            "ru": 0.7883,
            "sw": 0.8454666666666667,
            "te": 0.8496666666666667
        }
    },
    {
        "train_config": {
            "ar": 14805,
            "bn": 2390,
            "en": 0,
            "fi": 6855,
            "id": 10,
            "ko": 100,
            "ru": 6490,
            "sw": 2755,
            "te": 5563
        },
        "eval_results": {
            "ar": 0.8345333333333333,
            "bn": 0.8312333333333334,
            "en": 0.7745333333333333,
            "fi": 0.8290666666666665,
            "id": 0.8541,
            "ko": 0.6777666666666667,
            "ru": 0.7963666666666667,
            "sw": 0.8514666666666667,
            "te": 0.8522666666666666
        }
    },
    {
        "train_config": {
            "ar": 0,
            "bn": 2390,
            "en": 3696,
            "fi": 0,
            "id": 0,
            "ko": 0,
            "ru": 6490,
            "sw": 0,
            "te": 0
        },
        "eval_results": {
            "ar": 0.7777,
            "bn": 0.8324000000000001,
            "en": 0.7618999999999999,
            "fi": 0.783,
            "id": 0.8435,
            "ko": 0.6606333333333333,
            "ru": 0.7787000000000001,
            "sw": 0.8049333333333334,
            "te": 0.8100666666666667
        }
    },
    {
        "train_config": {
            "ar": 0,
            "bn": 0,
            "en": 10,
            "fi": 0,
            "id": 5702,
            "ko": 1625,
            "ru": 10,
            "sw": 0,
            "te": 100
        },
        "eval_results": {
            "ar": 0.7826999999999998,
            "bn": 0.7505000000000001,
            "en": 0.7442333333333333,
            "fi": 0.7499333333333333,
            "id": 0.8546333333333332,
            "ko": 0.6735666666666668,
            "ru": 0.7163666666666667,
            "sw": 0.7651666666666667,
            "te": 0.8098666666666667
        }
    },
    {
        "train_config": {
            "ar": 0,
            "bn": 0,
            "en": 3696,
            "fi": 0,
            "id": 0,
            "ko": 1625,
            "ru": 0,
            "sw": 0,
            "te": 0
        },
        "eval_results": {
            "ar": 0.7516666666666666,
            "bn": 0.7202666666666667,
            "en": 0.7488333333333334,
            "fi": 0.7315999999999999,
            "id": 0.8115333333333333,
            "ko": 0.6544333333333333,
            "ru": 0.6820333333333334,
            "sw": 0.7276666666666666,
            "te": 0.7711333333333333
        }
    },
    {
        "train_config": {
            "ar": 100,
            "bn": 100,
            "en": 3696,
            "fi": 100,
            "id": 100,
            "ko": 100,
            "ru": 100,
            "sw": 100,
            "te": 100
        },
        "eval_results": {
            "ar": 0.7495333333333334,
            "bn": 0.7259000000000001,
            "en": 0.7354333333333333,
            "fi": 0.7120333333333333,
            "id": 0.7796,
            "ko": 0.6229,
            "ru": 0.7037333333333332,
            "sw": 0.7449333333333333,
            "te": 0.7887666666666666
        }
    },
    {
        "train_config": {
            "ar": 0,
            "bn": 2390,
            "en": 3696,
            "fi": 6855,
            "id": 5702,
            "ko": 1000,
            "ru": 6490,
            "sw": 2755,
            "te": 1000
        },
        "eval_results": {
            "ar": 0.7946,
            "bn": 0.8461666666666666,
            "en": 0.7728,
            "fi": 0.8328000000000001,
            "id": 0.8691,
            "ko": 0.6833333333333332,
            "ru": 0.7931333333333334,
            "sw": 0.8618333333333333,
            "te": 0.8462333333333333
        }
    },
    {
        "train_config": {
            "ar": 14805,
            "bn": 0,
            "en": 3696,
            "fi": 1000,
            "id": 5702,
            "ko": 0,
            "ru": 0,
            "sw": 100,
            "te": 0
        },
        "eval_results": {
            "ar": 0.8348,
            "bn": 0.7677333333333333,
            "en": 0.7597333333333333,
            "fi": 0.8104,
            "id": 0.8642333333333333,
            "ko": 0.6674333333333333,
            "ru": 0.7425666666666667,
            "sw": 0.7977666666666666,
            "te": 0.7991999999999999
        }
    },
    {
        "train_config": {
            "ar": 0,
            "bn": 0,
            "en": 10,
            "fi": 6855,
            "id": 0,
            "ko": 0,
            "ru": 6490,
            "sw": 2755,
            "te": 5563
        },
        "eval_results": {
            "ar": 0.7760333333333334,
            "bn": 0.8051,
            "en": 0.7686999999999999,
            "fi": 0.8219333333333333,
            "id": 0.8582333333333333,
            "ko": 0.6634666666666668,
            "ru": 0.7941333333333334,
            "sw": 0.8567,
            "te": 0.8515666666666667
        }
    },
    {
        "train_config": {
            "ar": 0,
            "bn": 10,
            "en": 10,
            "fi": 0,
            "id": 100,
            "ko": 0,
            "ru": 1000,
            "sw": 0,
            "te": 0
        },
        "eval_results": {
            "ar": 0.295,
            "bn": 0.1769666666666667,
            "en": 0.2628333333333333,
            "fi": 0.2942666666666667,
            "id": 0.2843333333333333,
            "ko": 0.122,
            "ru": 0.2809,
            "sw": 0.3673333333333333,
            "te": 0.1408333333333333
        }
    },
    {
        "train_config": {
            "ar": 0,
            "bn": 0,
            "en": 3696,
            "fi": 6855,
            "id": 5702,
            "ko": 10,
            "ru": 6490,
            "sw": 10,
            "te": 5563
        },
        "eval_results": {
            "ar": 0.7970333333333333,
            "bn": 0.8058000000000001,
            "en": 0.7620999999999999,
            "fi": 0.8290333333333333,
            "id": 0.8742333333333333,
            "ko": 0.6849333333333334,
            "ru": 0.7972,
            "sw": 0.8317333333333333,
            "te": 0.8450666666666667
        }
    },
    {
        "train_config": {
            "ar": 14805,
            "bn": 2390,
            "en": 3696,
            "fi": 6855,
            "id": 5702,
            "ko": 1625,
            "ru": 6490,
            "sw": 2755,
            "te": 5563
        },
        "eval_results": {
            "ar": 0.8413333333333334,
            "bn": 0.8407,
            "en": 0.7744,
            "fi": 0.8292999999999999,
            "id": 0.8692333333333334,
            "ko": 0.6836333333333333,
            "ru": 0.8008000000000001,
            "sw": 0.8565,
            "te": 0.8550666666666666
        }
    },
    {
        "train_config": {
            "ar": 0,
            "bn": 0,
            "en": 3696,
            "fi": 0,
            "id": 0,
            "ko": 0,
            "ru": 0,
            "sw": 0,
            "te": 0
        },
        "eval_results": {
            "ar": 0.7141666666666667,
            "bn": 0.6612333333333333,
            "en": 0.7179000000000001,
            "fi": 0.6919000000000001,
            "id": 0.7753,
            "ko": 0.5831666666666666,
            "ru": 0.6571333333333333,
            "sw": 0.7023,
            "te": 0.7412666666666666
        }
    },
    {
        "train_config": {
            "ar": 14805,
            "bn": 1000,
            "en": 3696,
            "fi": 6855,
            "id": 0,
            "ko": 0,
            "ru": 6490,
            "sw": 2755,
            "te": 0
        },
        "eval_results": {
            "ar": 0.83335,
            "bn": 0.81615,
            "en": 0.7800499999999999,
            "fi": 0.8348,
            "id": 0.8505999999999999,
            "ko": 0.6631,
            "ru": 0.7988,
            "sw": 0.8434999999999999,
            "te": 0.8102499999999999
        }
    },
    {
        "train_config": {
            "ar": 0,
            "bn": 2390,
            "en": 3696,
            "fi": 6855,
            "id": 5702,
            "ko": 10,
            "ru": 6490,
            "sw": 1000,
            "te": 0
        },
        "eval_results": {
            "ar": 0.7981666666666666,
            "bn": 0.8455333333333334,
            "en": 0.7742,
            "fi": 0.8253333333333334,
            "id": 0.8666,
            "ko": 0.6676666666666667,
            "ru": 0.7915,
            "sw": 0.8480333333333334,
            "te": 0.816
        }
    },
    {
        "train_config": {
            "ar": 10,
            "bn": 0,
            "en": 10,
            "fi": 0,
            "id": 10,
            "ko": 0,
            "ru": 0,
            "sw": 0,
            "te": 1000
        },
        "eval_results": {
            "ar": 0.2817,
            "bn": 0.2449,
            "en": 0.2344,
            "fi": 0.2765666666666667,
            "id": 0.2723666666666666,
            "ko": 0.1726666666666667,
            "ru": 0.2540333333333333,
            "sw": 0.365,
            "te": 0.2992
        }
    },
    {
        "train_config": {
            "ar": 100,
            "bn": 1000,
            "en": 1000,
            "fi": 6855,
            "id": 10,
            "ko": 1625,
            "ru": 6490,
            "sw": 2755,
            "te": 100
        },
        "eval_results": {
            "ar": 0.7841333333333332,
            "bn": 0.8338000000000001,
            "en": 0.7698666666666667,
            "fi": 0.8225666666666666,
            "id": 0.8490666666666667,
            "ko": 0.6799,
            "ru": 0.7845333333333334,
            "sw": 0.8559333333333333,
            "te": 0.8302333333333335
        }
    },
    {
        "train_config": {
            "ar": 0,
            "bn": 2390,
            "en": 3696,
            "fi": 0,
            "id": 0,
            "ko": 0,
            "ru": 0,
            "sw": 0,
            "te": 5563
        },
        "eval_results": {
            "ar": 0.7597666666666667,
            "bn": 0.8355,
            "en": 0.7521333333333334,
            "fi": 0.7586,
            "id": 0.8243666666666667,
            "ko": 0.6490999999999999,
            "ru": 0.7244,
            "sw": 0.7845666666666666,
            "te": 0.8496666666666667
        }
    },
    {
        "train_config": {
            "ar": 0,
            "bn": 0,
            "en": 0,
            "fi": 0,
            "id": 1000,
            "ko": 0,
            "ru": 0,
            "sw": 2755,
            "te": 10
        },
        "eval_results": {
            "ar": 0.7229,
            "bn": 0.7178999999999999,
            "en": 0.7247,
            "fi": 0.6852,
            "id": 0.7903000000000001,
            "ko": 0.5735333333333333,
            "ru": 0.6773333333333333,
            "sw": 0.8056,
            "te": 0.7372333333333333
        }
    },
    {
        "train_config": {
            "ar": 10,
            "bn": 10,
            "en": 3696,
            "fi": 10,
            "id": 10,
            "ko": 10,
            "ru": 10,
            "sw": 10,
            "te": 10
        },
        "eval_results": {
            "ar": 0.7444333333333333,
            "bn": 0.6923,
            "en": 0.7233333333333333,
            "fi": 0.6959333333333334,
            "id": 0.7706333333333334,
            "ko": 0.5831666666666666,
            "ru": 0.6587333333333333,
            "sw": 0.7000666666666667,
            "te": 0.7446333333333333
        }
    },
    {
        "train_config": {
            "ar": 14805,
            "bn": 0,
            "en": 3696,
            "fi": 0,
            "id": 0,
            "ko": 0,
            "ru": 0,
            "sw": 0,
            "te": 0
        },
        "eval_results": {
            "ar": 0.8269666666666667,
            "bn": 0.7448,
            "en": 0.758,
            "fi": 0.7742,
            "id": 0.8337,
            "ko": 0.6577,
            "ru": 0.7342,
            "sw": 0.7513666666666667,
            "te": 0.7977333333333334
        }
    },
    {
        "train_config": {
            "ar": 14805,
            "bn": 0,
            "en": 3696,
            "fi": 6855,
            "id": 0,
            "ko": 1625,
            "ru": 6490,
            "sw": 0,
            "te": 0
        },
        "eval_results": {
            "ar": 0.8324333333333334,
            "bn": 0.7936,
            "en": 0.7740333333333332,
            "fi": 0.8281333333333333,
            "id": 0.8558,
            "ko": 0.6751666666666667,
            "ru": 0.7944666666666667,
            "sw": 0.8180333333333333,
            "te": 0.8135333333333333
        }
    }
]