[
    {
        "train_config": {
            "ar": 0,
            "bg": 100000,
            "de": 1000,
            "el": 100000,
            "en": 0,
            "es": 100000,
            "fr": 0,
            "hi": 100000,
            "ru": 10000,
            "sw": 100000,
            "th": 10000,
            "tr": 1000,
            "ur": 10000,
            "vi": 100000,
            "zh": 100000
        },
        "eval_results": {
            "ar": 0.8024,
            "bg": 0.8323,
            "de": 0.8259,
            "el": 0.8236,
            "en": 0.8655,
            "es": 0.8365,
            "fr": 0.8309,
            "hi": 0.8064,
            "ru": 0.8142,
            "sw": 0.7521,
            "th": 0.7872,
            "tr": 0.7996,
            "ur": 0.7617,
            "vi": 0.8108,
            "zh": 0.8036
        }
    },
    {
        "train_config": {
            "ar": 0,
            "bg": 10000,
            "de": 100000,
            "el": 100000,
            "en": 0,
            "es": 0,
            "fr": 0,
            "hi": 0,
            "ru": 0,
            "sw": 0,
            "th": 0,
            "tr": 0,
            "ur": 0,
            "vi": 100000,
            "zh": 100000
        },
        "eval_results": {
            "ar": 0.8106,
            "bg": 0.8375,
            "de": 0.8341,
            "el": 0.8283,
            "en": 0.8733,
            "es": 0.8477,
            "fr": 0.8335,
            "hi": 0.8074,
            "ru": 0.8108,
            "sw": 0.7453,
            "th": 0.7916,
            "tr": 0.804,
            "ur": 0.7589,
            "vi": 0.8074,
            "zh": 0.8176
        }
    },
    {
        "train_config": {
            "ar": 10000,
            "bg": 0,
            "de": 1000,
            "el": 100000,
            "en": 100000,
            "es": 10000,
            "fr": 0,
            "hi": 100000,
            "ru": 0,
            "sw": 100000,
            "th": 10000,
            "tr": 100000,
            "ur": 10000,
            "vi": 1000,
            "zh": 100000
        },
        "eval_results": {
            "ar": 0.8022,
            "bg": 0.8397,
            "de": 0.823,
            "el": 0.8307,
            "en": 0.8693,
            "es": 0.8447,
            "fr": 0.8267,
            "hi": 0.8118,
            "ru": 0.806,
            "sw": 0.7527,
            "th": 0.786,
            "tr": 0.8046,
            "ur": 0.7667,
            "vi": 0.812,
            "zh": 0.8124
        }
    },
    {
        "train_config": {
            "ar": 100000,
            "bg": 0,
            "de": 10000,
            "el": 100000,
            "en": 1000,
            "es": 1000,
            "fr": 0,
            "hi": 100000,
            "ru": 1000,
            "sw": 100000,
            "th": 100000,
            "tr": 100000,
            "ur": 1000,
            "vi": 100000,
            "zh": 100000
        },
        "eval_results": {
            "ar": 0.8098,
            "bg": 0.8287,
            "de": 0.8261,
            "el": 0.8206,
            "en": 0.8687,
            "es": 0.8345,
            "fr": 0.8214,
            "hi": 0.8074,
            "ru": 0.804,
            "sw": 0.7477,
            "th": 0.7914,
            "tr": 0.7978,
            "ur": 0.7583,
            "vi": 0.8108,
            "zh": 0.81
        }
    },
    {
        "train_config": {
            "ar": 100000,
            "bg": 1000,
            "de": 100000,
            "el": 0,
            "en": 100000,
            "es": 10000,
            "fr": 0,
            "hi": 100000,
            "ru": 100000,
            "sw": 10000,
            "th": 1000,
            "tr": 100000,
            "ur": 1000,
            "vi": 0,
            "zh": 1000
        },
        "eval_results": {
            "ar": 0.8068,
            "bg": 0.8381,
            "de": 0.8303,
            "el": 0.8208,
            "en": 0.8665,
            "es": 0.8359,
            "fr": 0.8248,
            "hi": 0.8152,
            "ru": 0.8104,
            "sw": 0.7471,
            "th": 0.7892,
            "tr": 0.805,
            "ur": 0.7581,
            "vi": 0.8024,
            "zh": 0.798
        }
    },
    {
        "train_config": {
            "ar": 1000,
            "bg": 0,
            "de": 10000,
            "el": 10000,
            "en": 0,
            "es": 10000,
            "fr": 0,
            "hi": 0,
            "ru": 0,
            "sw": 1000,
            "th": 100000,
            "tr": 0,
            "ur": 0,
            "vi": 0,
            "zh": 10000
        },
        "eval_results": {
            "ar": 0.7962,
            "bg": 0.8321,
            "de": 0.8244,
            "el": 0.8204,
            "en": 0.8680999999999999,
            "es": 0.8381000000000001,
            "fr": 0.8272999999999999,
            "hi": 0.8054,
            "ru": 0.8082,
            "sw": 0.7299,
            "th": 0.789,
            "tr": 0.7996,
            "ur": 0.7365,
            "vi": 0.7972,
            "zh": 0.7986
        }
    },
    {
        "train_config": {
            "ar": 1000,
            "bg": 100000,
            "de": 0,
            "el": 100000,
            "en": 0,
            "es": 100000,
            "fr": 0,
            "hi": 0,
            "ru": 10000,
            "sw": 100000,
            "th": 100000,
            "tr": 10000,
            "ur": 0,
            "vi": 10000,
            "zh": 0
        },
        "eval_results": {
            "ar": 0.8002,
            "bg": 0.8315,
            "de": 0.824,
            "el": 0.8244,
            "en": 0.8697,
            "es": 0.8375,
            "fr": 0.8248,
            "hi": 0.8042,
            "ru": 0.813,
            "sw": 0.7495,
            "th": 0.7854,
            "tr": 0.795,
            "ur": 0.7503,
            "vi": 0.8096,
            "zh": 0.8026
        }
    },
    {
        "train_config": {
            "ar": 0,
            "bg": 10000,
            "de": 0,
            "el": 0,
            "en": 100000,
            "es": 10000,
            "fr": 1000,
            "hi": 0,
            "ru": 0,
            "sw": 100000,
            "th": 0,
            "tr": 0,
            "ur": 0,
            "vi": 100000,
            "zh": 100000
        },
        "eval_results": {
            "ar": 0.8036,
            "bg": 0.8375,
            "de": 0.8275,
            "el": 0.8212,
            "en": 0.8695,
            "es": 0.8431,
            "fr": 0.8295,
            "hi": 0.8114,
            "ru": 0.8092,
            "sw": 0.7491,
            "th": 0.8,
            "tr": 0.7974,
            "ur": 0.7519,
            "vi": 0.8156,
            "zh": 0.8138
        }
    },
    {
        "train_config": {
            "ar": 0,
            "bg": 0,
            "de": 0,
            "el": 10000,
            "en": 10000,
            "es": 0,
            "fr": 0,
            "hi": 100000,
            "ru": 0,
            "sw": 0,
            "th": 0,
            "tr": 0,
            "ur": 1000,
            "vi": 100000,
            "zh": 0
        },
        "eval_results": {
            "ar": 0.807,
            "bg": 0.8351,
            "de": 0.8331,
            "el": 0.8222,
            "en": 0.8673,
            "es": 0.8403,
            "fr": 0.8311,
            "hi": 0.8144,
            "ru": 0.8068,
            "sw": 0.7417,
            "th": 0.7938,
            "tr": 0.7984,
            "ur": 0.7541,
            "vi": 0.8122,
            "zh": 0.8016
        }
    },
    {
        "train_config": {
            "ar": 100000,
            "bg": 10000,
            "de": 1000,
            "el": 0,
            "en": 0,
            "es": 10000,
            "fr": 100000,
            "hi": 100000,
            "ru": 100000,
            "sw": 1000,
            "th": 0,
            "tr": 100000,
            "ur": 0,
            "vi": 0,
            "zh": 0
        },
        "eval_results": {
            "ar": 0.8116,
            "bg": 0.8353,
            "de": 0.8263,
            "el": 0.8248,
            "en": 0.8733,
            "es": 0.8387,
            "fr": 0.8267,
            "hi": 0.8122,
            "ru": 0.8106,
            "sw": 0.7471,
            "th": 0.7838,
            "tr": 0.807,
            "ur": 0.7549,
            "vi": 0.8092,
            "zh": 0.8012
        }
    },
    {
        "train_config": {
            "ar": 1000,
            "bg": 100000,
            "de": 10000,
            "el": 100000,
            "en": 100000,
            "es": 0,
            "fr": 100000,
            "hi": 100000,
            "ru": 100000,
            "sw": 100000,
            "th": 100000,
            "tr": 100000,
            "ur": 0,
            "vi": 0,
            "zh": 100000
        },
        "eval_results": {
            "ar": 0.8004,
            "bg": 0.8347,
            "de": 0.8186,
            "el": 0.8253,
            "en": 0.8647,
            "es": 0.8397,
            "fr": 0.8194,
            "hi": 0.8036,
            "ru": 0.8114,
            "sw": 0.7435,
            "th": 0.788,
            "tr": 0.7966,
            "ur": 0.7523,
            "vi": 0.8016,
            "zh": 0.7982
        }
    },
    {
        "train_config": {
            "ar": 10000,
            "bg": 10000,
            "de": 100000,
            "el": 1000,
            "en": 10000,
            "es": 100000,
            "fr": 100000,
            "hi": 100000,
            "ru": 1000,
            "sw": 0,
            "th": 100000,
            "tr": 0,
            "ur": 0,
            "vi": 10000,
            "zh": 100000
        },
        "eval_results": {
            "ar": 0.8048,
            "bg": 0.8339,
            "de": 0.8267,
            "el": 0.8259,
            "en": 0.8677,
            "es": 0.8371,
            "fr": 0.8238,
            "hi": 0.8106,
            "ru": 0.8078,
            "sw": 0.7407,
            "th": 0.7936,
            "tr": 0.8036,
            "ur": 0.7567,
            "vi": 0.8124,
            "zh": 0.8114
        }
    },
    {
        "train_config": {
            "ar": 100000,
            "bg": 100000,
            "de": 0,
            "el": 0,
            "en": 100000,
            "es": 0,
            "fr": 10000,
            "hi": 0,
            "ru": 100000,
            "sw": 0,
            "th": 10000,
            "tr": 0,
            "ur": 100000,
            "vi": 0,
            "zh": 100000
        },
        "eval_results": {
            "ar": 0.8104,
            "bg": 0.8387,
            "de": 0.8293,
            "el": 0.8275,
            "en": 0.8703,
            "es": 0.8423,
            "fr": 0.8246,
            "hi": 0.816,
            "ru": 0.811,
            "sw": 0.7465,
            "th": 0.7896,
            "tr": 0.8048,
            "ur": 0.7523,
            "vi": 0.8072,
            "zh": 0.8074
        }
    },
    {
        "train_config": {
            "ar": 100000,
            "bg": 0,
            "de": 100000,
            "el": 10000,
            "en": 0,
            "es": 100000,
            "fr": 100000,
            "hi": 100000,
            "ru": 100000,
            "sw": 100000,
            "th": 0,
            "tr": 100000,
            "ur": 0,
            "vi": 0,
            "zh": 1000
        },
        "eval_results": {
            "ar": 0.8058,
            "bg": 0.8389,
            "de": 0.8273,
            "el": 0.8242,
            "en": 0.8673,
            "es": 0.8387,
            "fr": 0.8263,
            "hi": 0.806,
            "ru": 0.8076,
            "sw": 0.7533,
            "th": 0.7896,
            "tr": 0.7982,
            "ur": 0.7505,
            "vi": 0.8064,
            "zh": 0.8072
        }
    },
    {
        "train_config": {
            "ar": 100000,
            "bg": 10000,
            "de": 1000,
            "el": 0,
            "en": 1000,
            "es": 0,
            "fr": 10000,
            "hi": 100000,
            "ru": 0,
            "sw": 0,
            "th": 10000,
            "tr": 100000,
            "ur": 10000,
            "vi": 100000,
            "zh": 0
        },
        "eval_results": {
            "ar": 0.8104,
            "bg": 0.8381,
            "de": 0.8311,
            "el": 0.8238,
            "en": 0.8671,
            "es": 0.8411,
            "fr": 0.8279,
            "hi": 0.8108,
            "ru": 0.8076,
            "sw": 0.7461,
            "th": 0.7908,
            "tr": 0.7974,
            "ur": 0.7695,
            "vi": 0.8138,
            "zh": 0.8056
        }
    },
    {
        "train_config": {
            "ar": 100000,
            "bg": 1000,
            "de": 10000,
            "el": 100000,
            "en": 0,
            "es": 0,
            "fr": 10000,
            "hi": 100000,
            "ru": 10000,
            "sw": 1000,
            "th": 100000,
            "tr": 100000,
            "ur": 0,
            "vi": 100000,
            "zh": 0
        },
        "eval_results": {
            "ar": 0.803,
            "bg": 0.8301,
            "de": 0.8218,
            "el": 0.8226,
            "en": 0.8659,
            "es": 0.8333,
            "fr": 0.8251,
            "hi": 0.812,
            "ru": 0.8046,
            "sw": 0.7435,
            "th": 0.79,
            "tr": 0.789,
            "ur": 0.7527,
            "vi": 0.811,
            "zh": 0.795
        }
    },
    {
        "train_config": {
            "ar": 1000,
            "bg": 100000,
            "de": 1000,
            "el": 10000,
            "en": 100000,
            "es": 1000,
            "fr": 0,
            "hi": 0,
            "ru": 100000,
            "sw": 0,
            "th": 0,
            "tr": 0,
            "ur": 10000,
            "vi": 10000,
            "zh": 100000
        },
        "eval_results": {
            "ar": 0.8052,
            "bg": 0.8383,
            "de": 0.8277,
            "el": 0.8232,
            "en": 0.8719,
            "es": 0.8423,
            "fr": 0.8259,
            "hi": 0.816,
            "ru": 0.808,
            "sw": 0.7453,
            "th": 0.7906,
            "tr": 0.8038,
            "ur": 0.7633,
            "vi": 0.8108,
            "zh": 0.8088
        }
    },
    {
        "train_config": {
            "ar": 100000,
            "bg": 100000,
            "de": 0,
            "el": 100000,
            "en": 100000,
            "es": 100000,
            "fr": 0,
            "hi": 0,
            "ru": 100000,
            "sw": 100000,
            "th": 0,
            "tr": 10000,
            "ur": 10000,
            "vi": 100000,
            "zh": 10000
        },
        "eval_results": {
            "ar": 0.8046,
            "bg": 0.8341,
            "de": 0.825,
            "el": 0.8295,
            "en": 0.8669,
            "es": 0.8409,
            "fr": 0.8265,
            "hi": 0.8046,
            "ru": 0.8084,
            "sw": 0.7533,
            "th": 0.7912,
            "tr": 0.7948,
            "ur": 0.7509,
            "vi": 0.8094,
            "zh": 0.804
        }
    },
    {
        "train_config": {
            "ar": 0,
            "bg": 0,
            "de": 0,
            "el": 0,
            "en": 100000,
            "es": 1000,
            "fr": 0,
            "hi": 0,
            "ru": 0,
            "sw": 10000,
            "th": 10000,
            "tr": 0,
            "ur": 0,
            "vi": 0,
            "zh": 100000
        },
        "eval_results": {
            "ar": 0.8039999999999999,
            "bg": 0.8315,
            "de": 0.8261,
            "el": 0.8248000000000001,
            "en": 0.8784,
            "es": 0.8409,
            "fr": 0.8283,
            "hi": 0.8078,
            "ru": 0.8146,
            "sw": 0.7427,
            "th": 0.787,
            "tr": 0.7988,
            "ur": 0.7473,
            "vi": 0.809,
            "zh": 0.811
        }
    },
    {
        "train_config": {
            "ar": 10000,
            "bg": 10000,
            "de": 10000,
            "el": 0,
            "en": 10000,
            "es": 100000,
            "fr": 10000,
            "hi": 1000,
            "ru": 1000,
            "sw": 0,
            "th": 0,
            "tr": 10000,
            "ur": 0,
            "vi": 10000,
            "zh": 1000
        },
        "eval_results": {
            "ar": 0.7982,
            "bg": 0.8333,
            "de": 0.8295,
            "el": 0.8323,
            "en": 0.8671000000000001,
            "es": 0.8453,
            "fr": 0.8277,
            "hi": 0.8066,
            "ru": 0.8098,
            "sw": 0.7365,
            "th": 0.7879999999999999,
            "tr": 0.799,
            "ur": 0.7449,
            "vi": 0.8064,
            "zh": 0.7959999999999999
        }
    },
    {
        "train_config": {
            "ar": 0,
            "bg": 0,
            "de": 10000,
            "el": 0,
            "en": 100000,
            "es": 0,
            "fr": 0,
            "hi": 100000,
            "ru": 100000,
            "sw": 100000,
            "th": 0,
            "tr": 0,
            "ur": 0,
            "vi": 100000,
            "zh": 100000
        },
        "eval_results": {
            "ar": 0.804,
            "bg": 0.8349,
            "de": 0.8269,
            "el": 0.8265,
            "en": 0.8653,
            "es": 0.8337,
            "fr": 0.8236,
            "hi": 0.8054,
            "ru": 0.8124,
            "sw": 0.7567,
            "th": 0.79,
            "tr": 0.7958,
            "ur": 0.7577,
            "vi": 0.8054,
            "zh": 0.8076
        }
    },
    {
        "train_config": {
            "ar": 0,
            "bg": 10000,
            "de": 0,
            "el": 1000,
            "en": 0,
            "es": 1000,
            "fr": 100000,
            "hi": 100000,
            "ru": 1000,
            "sw": 1000,
            "th": 10000,
            "tr": 10000,
            "ur": 100000,
            "vi": 10000,
            "zh": 0
        },
        "eval_results": {
            "ar": 0.8080000000000002,
            "bg": 0.8375,
            "de": 0.8317,
            "el": 0.8244000000000001,
            "en": 0.875,
            "es": 0.8431000000000001,
            "fr": 0.8306999999999999,
            "hi": 0.8148,
            "ru": 0.81,
            "sw": 0.7375000000000002,
            "th": 0.7828,
            "tr": 0.8008000000000001,
            "ur": 0.7599,
            "vi": 0.805,
            "zh": 0.7972
        }
    },
    {
        "train_config": {
            "ar": 0,
            "bg": 10000,
            "de": 100000,
            "el": 100000,
            "en": 100000,
            "es": 100000,
            "fr": 1000,
            "hi": 10000,
            "ru": 100000,
            "sw": 100000,
            "th": 1000,
            "tr": 100000,
            "ur": 1000,
            "vi": 0,
            "zh": 0
        },
        "eval_results": {
            "ar": 0.802,
            "bg": 0.8351,
            "de": 0.8277,
            "el": 0.8327,
            "en": 0.8687,
            "es": 0.8359,
            "fr": 0.8277,
            "hi": 0.803,
            "ru": 0.8086,
            "sw": 0.7575,
            "th": 0.7898,
            "tr": 0.8002,
            "ur": 0.7543,
            "vi": 0.806,
            "zh": 0.8024
        }
    },
    {
        "train_config": {
            "ar": 0,
            "bg": 0,
            "de": 0,
            "el": 100000,
            "en": 100000,
            "es": 100000,
            "fr": 100000,
            "hi": 100000,
            "ru": 100000,
            "sw": 100000,
            "th": 0,
            "tr": 0,
            "ur": 10000,
            "vi": 100000,
            "zh": 100000
        },
        "eval_results": {
            "ar": 0.8012,
            "bg": 0.8353,
            "de": 0.8257,
            "el": 0.8283,
            "en": 0.8655,
            "es": 0.8357,
            "fr": 0.8255,
            "hi": 0.8042,
            "ru": 0.8084,
            "sw": 0.7467,
            "th": 0.7854,
            "tr": 0.7928,
            "ur": 0.7617,
            "vi": 0.8078,
            "zh": 0.8022
        }
    },
    {
        "train_config": {
            "ar": 10000,
            "bg": 100000,
            "de": 10000,
            "el": 0,
            "en": 0,
            "es": 100000,
            "fr": 100000,
            "hi": 100000,
            "ru": 100000,
            "sw": 100000,
            "th": 0,
            "tr": 0,
            "ur": 0,
            "vi": 100000,
            "zh": 0
        },
        "eval_results": {
            "ar": 0.8024,
            "bg": 0.8361,
            "de": 0.8218,
            "el": 0.825,
            "en": 0.8641,
            "es": 0.8311,
            "fr": 0.825,
            "hi": 0.8108,
            "ru": 0.809,
            "sw": 0.7521,
            "th": 0.7896,
            "tr": 0.794,
            "ur": 0.7539,
            "vi": 0.8094,
            "zh": 0.7974
        }
    },
    {
        "train_config": {
            "ar": 10000,
            "bg": 10000,
            "de": 10000,
            "el": 100000,
            "en": 100000,
            "es": 0,
            "fr": 100000,
            "hi": 0,
            "ru": 10000,
            "sw": 1000,
            "th": 100000,
            "tr": 1000,
            "ur": 0,
            "vi": 0,
            "zh": 100000
        },
        "eval_results": {
            "ar": 0.8032,
            "bg": 0.8395,
            "de": 0.8309,
            "el": 0.8267,
            "en": 0.8665,
            "es": 0.8423,
            "fr": 0.8317,
            "hi": 0.8112,
            "ru": 0.8142,
            "sw": 0.7391,
            "th": 0.7916,
            "tr": 0.8036,
            "ur": 0.7479,
            "vi": 0.8058,
            "zh": 0.8114
        }
    },
    {
        "train_config": {
            "ar": 100000,
            "bg": 0,
            "de": 0,
            "el": 0,
            "en": 100000,
            "es": 10000,
            "fr": 10000,
            "hi": 100000,
            "ru": 0,
            "sw": 10000,
            "th": 1000,
            "tr": 100000,
            "ur": 0,
            "vi": 0,
            "zh": 10000
        },
        "eval_results": {
            "ar": 0.8080000000000002,
            "bg": 0.8419,
            "de": 0.8301,
            "el": 0.8268999999999999,
            "en": 0.8764,
            "es": 0.8483,
            "fr": 0.8335,
            "hi": 0.807,
            "ru": 0.8056,
            "sw": 0.7509,
            "th": 0.79,
            "tr": 0.809,
            "ur": 0.7599,
            "vi": 0.8088000000000001,
            "zh": 0.8085999999999999
        }
    },
    {
        "train_config": {
            "ar": 0,
            "bg": 1000,
            "de": 0,
            "el": 1000,
            "en": 100000,
            "es": 0,
            "fr": 10000,
            "hi": 100000,
            "ru": 10000,
            "sw": 100000,
            "th": 0,
            "tr": 100000,
            "ur": 100000,
            "vi": 10000,
            "zh": 10000
        },
        "eval_results": {
            "ar": 0.8146,
            "bg": 0.8391,
            "de": 0.8345,
            "el": 0.8309,
            "en": 0.8729,
            "es": 0.8445,
            "fr": 0.8305,
            "hi": 0.816,
            "ru": 0.8128,
            "sw": 0.7513,
            "th": 0.7892,
            "tr": 0.8122,
            "ur": 0.7555,
            "vi": 0.8124,
            "zh": 0.808
        }
    },
    {
        "train_config": {
            "ar": 1000,
            "bg": 0,
            "de": 100000,
            "el": 1000,
            "en": 10000,
            "es": 100000,
            "fr": 10000,
            "hi": 0,
            "ru": 100000,
            "sw": 100000,
            "th": 100000,
            "tr": 100000,
            "ur": 100000,
            "vi": 0,
            "zh": 10000
        },
        "eval_results": {
            "ar": 0.8102,
            "bg": 0.8387,
            "de": 0.8293,
            "el": 0.8267,
            "en": 0.8637,
            "es": 0.8399,
            "fr": 0.8242,
            "hi": 0.812,
            "ru": 0.8066,
            "sw": 0.7487,
            "th": 0.7862,
            "tr": 0.8034,
            "ur": 0.7507,
            "vi": 0.8072,
            "zh": 0.8084
        }
    },
    {
        "train_config": {
            "ar": 100000,
            "bg": 100000,
            "de": 100000,
            "el": 100000,
            "en": 100000,
            "es": 10000,
            "fr": 100000,
            "hi": 1000,
            "ru": 100000,
            "sw": 100000,
            "th": 0,
            "tr": 100000,
            "ur": 100000,
            "vi": 100000,
            "zh": 10000
        },
        "eval_results": {
            "ar": 0.804,
            "bg": 0.8329,
            "de": 0.8248,
            "el": 0.8281,
            "en": 0.8637,
            "es": 0.8361,
            "fr": 0.8281,
            "hi": 0.809,
            "ru": 0.809,
            "sw": 0.7525,
            "th": 0.7862,
            "tr": 0.7958,
            "ur": 0.7547,
            "vi": 0.811,
            "zh": 0.801
        }
    },
    {
        "train_config": {
            "ar": 1000,
            "bg": 0,
            "de": 0,
            "el": 100000,
            "en": 0,
            "es": 0,
            "fr": 100000,
            "hi": 100000,
            "ru": 0,
            "sw": 0,
            "th": 10000,
            "tr": 0,
            "ur": 1000,
            "vi": 0,
            "zh": 100000
        },
        "eval_results": {
            "ar": 0.8056,
            "bg": 0.8377,
            "de": 0.8295,
            "el": 0.8271,
            "en": 0.8735,
            "es": 0.8421,
            "fr": 0.8341,
            "hi": 0.813,
            "ru": 0.8102,
            "sw": 0.7387,
            "th": 0.7904,
            "tr": 0.802,
            "ur": 0.7609,
            "vi": 0.8062,
            "zh": 0.811
        }
    },
    {
        "train_config": {
            "ar": 10000,
            "bg": 0,
            "de": 0,
            "el": 100000,
            "en": 100000,
            "es": 0,
            "fr": 10000,
            "hi": 0,
            "ru": 100000,
            "sw": 10000,
            "th": 0,
            "tr": 0,
            "ur": 1000,
            "vi": 100000,
            "zh": 100000
        },
        "eval_results": {
            "ar": 0.7966000000000001,
            "bg": 0.8299,
            "de": 0.8309000000000001,
            "el": 0.8285,
            "en": 0.8681,
            "es": 0.8382999999999999,
            "fr": 0.8218,
            "hi": 0.8116,
            "ru": 0.811,
            "sw": 0.7401,
            "th": 0.7874,
            "tr": 0.7974,
            "ur": 0.7543000000000001,
            "vi": 0.809,
            "zh": 0.8014
        }
    },
    {
        "train_config": {
            "ar": 0,
            "bg": 10000,
            "de": 0,
            "el": 0,
            "en": 0,
            "es": 100000,
            "fr": 1000,
            "hi": 0,
            "ru": 0,
            "sw": 100000,
            "th": 10000,
            "tr": 1000,
            "ur": 100000,
            "vi": 10000,
            "zh": 10000
        },
        "eval_results": {
            "ar": 0.8058,
            "bg": 0.8355,
            "de": 0.8305,
            "el": 0.8277,
            "en": 0.8792,
            "es": 0.8395,
            "fr": 0.8341,
            "hi": 0.8098,
            "ru": 0.8206,
            "sw": 0.7515,
            "th": 0.7888,
            "tr": 0.8032,
            "ur": 0.7483,
            "vi": 0.8106,
            "zh": 0.8068
        }
    },
    {
        "train_config": {
            "ar": 0,
            "bg": 100000,
            "de": 10000,
            "el": 10000,
            "en": 1000,
            "es": 0,
            "fr": 100000,
            "hi": 100000,
            "ru": 0,
            "sw": 100000,
            "th": 0,
            "tr": 0,
            "ur": 1000,
            "vi": 10000,
            "zh": 100000
        },
        "eval_results": {
            "ar": 0.8056,
            "bg": 0.8369,
            "de": 0.8289,
            "el": 0.8297,
            "en": 0.8681,
            "es": 0.8399,
            "fr": 0.8295,
            "hi": 0.8098,
            "ru": 0.8096,
            "sw": 0.7583,
            "th": 0.7976,
            "tr": 0.8068,
            "ur": 0.7537,
            "vi": 0.814,
            "zh": 0.811
        }
    },
    {
        "train_config": {
            "ar": 0,
            "bg": 100000,
            "de": 10000,
            "el": 10000,
            "en": 1000,
            "es": 100000,
            "fr": 100000,
            "hi": 1000,
            "ru": 100000,
            "sw": 10000,
            "th": 1000,
            "tr": 1000,
            "ur": 100000,
            "vi": 1000,
            "zh": 0
        },
        "eval_results": {
            "ar": 0.809,
            "bg": 0.8393,
            "de": 0.8345,
            "el": 0.8267,
            "en": 0.8695,
            "es": 0.8369,
            "fr": 0.8285,
            "hi": 0.8134,
            "ru": 0.816,
            "sw": 0.7489,
            "th": 0.7814,
            "tr": 0.8012,
            "ur": 0.7519,
            "vi": 0.8096,
            "zh": 0.803
        }
    },
    {
        "train_config": {
            "ar": 10000,
            "bg": 10000,
            "de": 100000,
            "el": 10000,
            "en": 100000,
            "es": 0,
            "fr": 0,
            "hi": 0,
            "ru": 100000,
            "sw": 100000,
            "th": 10000,
            "tr": 0,
            "ur": 10000,
            "vi": 0,
            "zh": 0
        },
        "eval_results": {
            "ar": 0.8026,
            "bg": 0.8401,
            "de": 0.8285,
            "el": 0.8285,
            "en": 0.8687,
            "es": 0.8363,
            "fr": 0.8291,
            "hi": 0.8186,
            "ru": 0.8119999999999999,
            "sw": 0.7485,
            "th": 0.7882000000000001,
            "tr": 0.8058,
            "ur": 0.7620999999999999,
            "vi": 0.8072,
            "zh": 0.8016
        }
    },
    {
        "train_config": {
            "ar": 100000,
            "bg": 0,
            "de": 100000,
            "el": 0,
            "en": 10000,
            "es": 10000,
            "fr": 1000,
            "hi": 1000,
            "ru": 0,
            "sw": 100000,
            "th": 10000,
            "tr": 10000,
            "ur": 100000,
            "vi": 1000,
            "zh": 0
        },
        "eval_results": {
            "ar": 0.8118,
            "bg": 0.8371,
            "de": 0.8377,
            "el": 0.8259,
            "en": 0.8723,
            "es": 0.8381,
            "fr": 0.8306999999999999,
            "hi": 0.8172,
            "ru": 0.8119999999999999,
            "sw": 0.7571,
            "th": 0.7904,
            "tr": 0.802,
            "ur": 0.7507,
            "vi": 0.8104,
            "zh": 0.8042000000000001
        }
    },
    {
        "train_config": {
            "ar": 100000,
            "bg": 100000,
            "de": 0,
            "el": 100000,
            "en": 100000,
            "es": 0,
            "fr": 1000,
            "hi": 1000,
            "ru": 100000,
            "sw": 10000,
            "th": 0,
            "tr": 1000,
            "ur": 0,
            "vi": 0,
            "zh": 100000
        },
        "eval_results": {
            "ar": 0.8072,
            "bg": 0.8355,
            "de": 0.8257,
            "el": 0.8267,
            "en": 0.8711,
            "es": 0.8375,
            "fr": 0.8265,
            "hi": 0.8038,
            "ru": 0.8044,
            "sw": 0.7437,
            "th": 0.7874,
            "tr": 0.7958,
            "ur": 0.7477,
            "vi": 0.8072,
            "zh": 0.8076
        }
    },
    {
        "train_config": {
            "ar": 0,
            "bg": 0,
            "de": 1000,
            "el": 100000,
            "en": 100000,
            "es": 100000,
            "fr": 0,
            "hi": 100000,
            "ru": 10000,
            "sw": 10000,
            "th": 0,
            "tr": 100000,
            "ur": 0,
            "vi": 0,
            "zh": 1000
        },
        "eval_results": {
            "ar": 0.7998,
            "bg": 0.8363,
            "de": 0.8279,
            "el": 0.8263,
            "en": 0.8691,
            "es": 0.8411,
            "fr": 0.8228,
            "hi": 0.8098,
            "ru": 0.809,
            "sw": 0.7441,
            "th": 0.7798,
            "tr": 0.805,
            "ur": 0.7537,
            "vi": 0.8004,
            "zh": 0.7926
        }
    },
    {
        "train_config": {
            "ar": 0,
            "bg": 0,
            "de": 0,
            "el": 100000,
            "en": 100000,
            "es": 0,
            "fr": 0,
            "hi": 0,
            "ru": 10000,
            "sw": 0,
            "th": 100000,
            "tr": 1000,
            "ur": 10000,
            "vi": 1000,
            "zh": 0
        },
        "eval_results": {
            "ar": 0.8088000000000001,
            "bg": 0.8421,
            "de": 0.8261,
            "el": 0.8285,
            "en": 0.876,
            "es": 0.8405,
            "fr": 0.8306999999999999,
            "hi": 0.8148,
            "ru": 0.8122000000000001,
            "sw": 0.7439,
            "th": 0.7952,
            "tr": 0.8118,
            "ur": 0.7575,
            "vi": 0.8064,
            "zh": 0.8039999999999999
        }
    }
]