[
    {
        "train_config": {
            "ar": 0,
            "bg": 100000,
            "de": 1000,
            "el": 100000,
            "en": 0,
            "es": 100000,
            "fr": 0,
            "hi": 100000,
            "ru": 10000,
            "sw": 100000,
            "th": 10000,
            "tr": 1000,
            "ur": 10000,
            "vi": 100000,
            "zh": 100000
        },
        "eval_results": {
            "en": 0.8909999999999999,
            "fr": 0.86,
            "es": 0.8640000000000001,
            "de": 0.855,
            "el": 0.855,
            "bg": 0.863,
            "ru": 0.838,
            "tr": 0.835,
            "ar": 0.835,
            "vi": 0.8370000000000001,
            "th": 0.816,
            "zh": 0.84,
            "hi": 0.843,
            "sw": 0.7929999999999999,
            "ur": 0.768
        }
    },
    {
        "train_config": {
            "ar": 0,
            "bg": 10000,
            "de": 100000,
            "el": 100000,
            "en": 0,
            "es": 0,
            "fr": 0,
            "hi": 0,
            "ru": 0,
            "sw": 0,
            "th": 0,
            "tr": 0,
            "ur": 0,
            "vi": 100000,
            "zh": 100000
        },
        "eval_results": {
            "en": 0.8959999999999999,
            "fr": 0.861,
            "es": 0.868,
            "de": 0.8590000000000001,
            "el": 0.863,
            "bg": 0.8640000000000001,
            "ru": 0.843,
            "tr": 0.836,
            "ar": 0.8390000000000001,
            "vi": 0.838,
            "th": 0.821,
            "zh": 0.836,
            "hi": 0.846,
            "sw": 0.789,
            "ur": 0.762
        }
    },
    {
        "train_config": {
            "ar": 10000,
            "bg": 0,
            "de": 1000,
            "el": 100000,
            "en": 100000,
            "es": 10000,
            "fr": 0,
            "hi": 100000,
            "ru": 0,
            "sw": 100000,
            "th": 10000,
            "tr": 100000,
            "ur": 10000,
            "vi": 1000,
            "zh": 100000
        },
        "eval_results": {
            "en": 0.895,
            "fr": 0.8590000000000001,
            "es": 0.8690000000000001,
            "de": 0.863,
            "el": 0.86,
            "bg": 0.861,
            "ru": 0.8420000000000001,
            "tr": 0.841,
            "ar": 0.841,
            "vi": 0.833,
            "th": 0.8240000000000001,
            "zh": 0.8390000000000001,
            "hi": 0.845,
            "sw": 0.7979999999999999,
            "ur": 0.773
        }
    },
    {
        "train_config": {
            "ar": 100000,
            "bg": 0,
            "de": 10000,
            "el": 100000,
            "en": 1000,
            "es": 1000,
            "fr": 0,
            "hi": 100000,
            "ru": 1000,
            "sw": 100000,
            "th": 100000,
            "tr": 100000,
            "ur": 1000,
            "vi": 100000,
            "zh": 100000
        },
        "eval_results": {
            "en": 0.895,
            "fr": 0.858,
            "es": 0.868,
            "de": 0.86,
            "el": 0.8590000000000001,
            "bg": 0.86,
            "ru": 0.841,
            "tr": 0.8370000000000001,
            "ar": 0.841,
            "vi": 0.8390000000000001,
            "th": 0.82,
            "zh": 0.841,
            "hi": 0.847,
            "sw": 0.794,
            "ur": 0.764
        }
    },
    {
        "train_config": {
            "ar": 100000,
            "bg": 1000,
            "de": 100000,
            "el": 0,
            "en": 100000,
            "es": 10000,
            "fr": 0,
            "hi": 100000,
            "ru": 100000,
            "sw": 10000,
            "th": 1000,
            "tr": 100000,
            "ur": 1000,
            "vi": 0,
            "zh": 1000
        },
        "eval_results": {
            "en": 0.895,
            "fr": 0.8590000000000001,
            "es": 0.866,
            "de": 0.857,
            "el": 0.857,
            "bg": 0.862,
            "ru": 0.838,
            "tr": 0.838,
            "ar": 0.841,
            "vi": 0.836,
            "th": 0.825,
            "zh": 0.8370000000000001,
            "hi": 0.847,
            "sw": 0.799,
            "ur": 0.768
        }
    },
    {
        "train_config": {
            "ar": 1000,
            "bg": 0,
            "de": 10000,
            "el": 10000,
            "en": 0,
            "es": 10000,
            "fr": 0,
            "hi": 0,
            "ru": 0,
            "sw": 1000,
            "th": 100000,
            "tr": 0,
            "ur": 0,
            "vi": 0,
            "zh": 10000
        },
        "eval_results": {
            "en": 0.878,
            "fr": 0.8390000000000001,
            "es": 0.845,
            "de": 0.84,
            "el": 0.841,
            "bg": 0.843,
            "ru": 0.8190000000000001,
            "tr": 0.821,
            "ar": 0.816,
            "vi": 0.821,
            "th": 0.809,
            "zh": 0.815,
            "hi": 0.8270000000000001,
            "sw": 0.7759999999999999,
            "ur": 0.75
        }
    },
    {
        "train_config": {
            "ar": 1000,
            "bg": 100000,
            "de": 0,
            "el": 100000,
            "en": 0,
            "es": 100000,
            "fr": 0,
            "hi": 0,
            "ru": 10000,
            "sw": 100000,
            "th": 100000,
            "tr": 10000,
            "ur": 0,
            "vi": 10000,
            "zh": 0
        },
        "eval_results": {
            "en": 0.893,
            "fr": 0.857,
            "es": 0.868,
            "de": 0.8590000000000001,
            "el": 0.857,
            "bg": 0.8590000000000001,
            "ru": 0.835,
            "tr": 0.8340000000000001,
            "ar": 0.838,
            "vi": 0.8390000000000001,
            "th": 0.818,
            "zh": 0.8340000000000001,
            "hi": 0.845,
            "sw": 0.792,
            "ur": 0.762
        }
    },
    {
        "train_config": {
            "ar": 0,
            "bg": 10000,
            "de": 0,
            "el": 0,
            "en": 100000,
            "es": 10000,
            "fr": 1000,
            "hi": 0,
            "ru": 0,
            "sw": 100000,
            "th": 0,
            "tr": 0,
            "ur": 0,
            "vi": 100000,
            "zh": 100000
        },
        "eval_results": {
            "en": 0.892,
            "fr": 0.8590000000000001,
            "es": 0.863,
            "de": 0.858,
            "el": 0.855,
            "bg": 0.861,
            "ru": 0.836,
            "tr": 0.83,
            "ar": 0.831,
            "vi": 0.835,
            "th": 0.8220000000000001,
            "zh": 0.838,
            "hi": 0.8390000000000001,
            "sw": 0.79,
            "ur": 0.762
        }
    },
    {
        "train_config": {
            "ar": 0,
            "bg": 0,
            "de": 0,
            "el": 10000,
            "en": 10000,
            "es": 0,
            "fr": 0,
            "hi": 100000,
            "ru": 0,
            "sw": 0,
            "th": 0,
            "tr": 0,
            "ur": 1000,
            "vi": 100000,
            "zh": 0
        },
        "eval_results": {
            "en": 0.8909999999999999,
            "fr": 0.8590000000000001,
            "es": 0.861,
            "de": 0.8540000000000001,
            "el": 0.856,
            "bg": 0.8590000000000001,
            "ru": 0.8390000000000001,
            "tr": 0.8370000000000001,
            "ar": 0.84,
            "vi": 0.8440000000000001,
            "th": 0.8240000000000001,
            "zh": 0.838,
            "hi": 0.845,
            "sw": 0.794,
            "ur": 0.773
        }
    },
    {
        "train_config": {
            "ar": 100000,
            "bg": 10000,
            "de": 1000,
            "el": 0,
            "en": 0,
            "es": 10000,
            "fr": 100000,
            "hi": 100000,
            "ru": 100000,
            "sw": 1000,
            "th": 0,
            "tr": 100000,
            "ur": 0,
            "vi": 0,
            "zh": 0
        },
        "eval_results": {
            "en": 0.8959999999999999,
            "fr": 0.8590000000000001,
            "es": 0.865,
            "de": 0.861,
            "el": 0.861,
            "bg": 0.856,
            "ru": 0.835,
            "tr": 0.83,
            "ar": 0.841,
            "vi": 0.8370000000000001,
            "th": 0.818,
            "zh": 0.8440000000000001,
            "hi": 0.8440000000000001,
            "sw": 0.7929999999999999,
            "ur": 0.7659999999999999
        }
    },
    {
        "train_config": {
            "ar": 1000,
            "bg": 100000,
            "de": 10000,
            "el": 100000,
            "en": 100000,
            "es": 0,
            "fr": 100000,
            "hi": 100000,
            "ru": 100000,
            "sw": 100000,
            "th": 100000,
            "tr": 100000,
            "ur": 0,
            "vi": 0,
            "zh": 100000
        },
        "eval_results": {
            "en": 0.889,
            "fr": 0.851,
            "es": 0.863,
            "de": 0.852,
            "el": 0.856,
            "bg": 0.8590000000000001,
            "ru": 0.8340000000000001,
            "tr": 0.835,
            "ar": 0.836,
            "vi": 0.828,
            "th": 0.8170000000000001,
            "zh": 0.841,
            "hi": 0.8420000000000001,
            "sw": 0.7979999999999999,
            "ur": 0.763
        }
    },
    {
        "train_config": {
            "ar": 10000,
            "bg": 10000,
            "de": 100000,
            "el": 1000,
            "en": 10000,
            "es": 100000,
            "fr": 100000,
            "hi": 100000,
            "ru": 1000,
            "sw": 0,
            "th": 100000,
            "tr": 0,
            "ur": 0,
            "vi": 10000,
            "zh": 100000
        },
        "eval_results": {
            "en": 0.893,
            "fr": 0.861,
            "es": 0.8690000000000001,
            "de": 0.855,
            "el": 0.858,
            "bg": 0.858,
            "ru": 0.841,
            "tr": 0.84,
            "ar": 0.8420000000000001,
            "vi": 0.8440000000000001,
            "th": 0.825,
            "zh": 0.843,
            "hi": 0.848,
            "sw": 0.7959999999999999,
            "ur": 0.772
        }
    },
    {
        "train_config": {
            "ar": 100000,
            "bg": 100000,
            "de": 0,
            "el": 0,
            "en": 100000,
            "es": 0,
            "fr": 10000,
            "hi": 0,
            "ru": 100000,
            "sw": 0,
            "th": 10000,
            "tr": 0,
            "ur": 100000,
            "vi": 0,
            "zh": 100000
        },
        "eval_results": {
            "en": 0.8909999999999999,
            "fr": 0.857,
            "es": 0.866,
            "de": 0.861,
            "el": 0.8540000000000001,
            "bg": 0.857,
            "ru": 0.8390000000000001,
            "tr": 0.8370000000000001,
            "ar": 0.8390000000000001,
            "vi": 0.838,
            "th": 0.82,
            "zh": 0.836,
            "hi": 0.845,
            "sw": 0.8,
            "ur": 0.757
        }
    },
    {
        "train_config": {
            "ar": 100000,
            "bg": 0,
            "de": 100000,
            "el": 10000,
            "en": 0,
            "es": 100000,
            "fr": 100000,
            "hi": 100000,
            "ru": 100000,
            "sw": 100000,
            "th": 0,
            "tr": 100000,
            "ur": 0,
            "vi": 0,
            "zh": 1000
        },
        "eval_results": {
            "en": 0.893,
            "fr": 0.8590000000000001,
            "es": 0.868,
            "de": 0.86,
            "el": 0.862,
            "bg": 0.865,
            "ru": 0.8440000000000001,
            "tr": 0.84,
            "ar": 0.841,
            "vi": 0.833,
            "th": 0.8190000000000001,
            "zh": 0.8370000000000001,
            "hi": 0.845,
            "sw": 0.799,
            "ur": 0.767
        }
    },
    {
        "train_config": {
            "ar": 100000,
            "bg": 10000,
            "de": 1000,
            "el": 0,
            "en": 1000,
            "es": 0,
            "fr": 10000,
            "hi": 100000,
            "ru": 0,
            "sw": 0,
            "th": 10000,
            "tr": 100000,
            "ur": 10000,
            "vi": 100000,
            "zh": 0
        },
        "eval_results": {
            "en": 0.8909999999999999,
            "fr": 0.848,
            "es": 0.861,
            "de": 0.853,
            "el": 0.8540000000000001,
            "bg": 0.8540000000000001,
            "ru": 0.8370000000000001,
            "tr": 0.8290000000000001,
            "ar": 0.836,
            "vi": 0.833,
            "th": 0.8140000000000001,
            "zh": 0.8370000000000001,
            "hi": 0.8370000000000001,
            "sw": 0.792,
            "ur": 0.762
        }
    },
    {
        "train_config": {
            "ar": 100000,
            "bg": 1000,
            "de": 10000,
            "el": 100000,
            "en": 0,
            "es": 0,
            "fr": 10000,
            "hi": 100000,
            "ru": 10000,
            "sw": 1000,
            "th": 100000,
            "tr": 100000,
            "ur": 0,
            "vi": 100000,
            "zh": 0
        },
        "eval_results": {
            "en": 0.89,
            "fr": 0.855,
            "es": 0.862,
            "de": 0.8540000000000001,
            "el": 0.8540000000000001,
            "bg": 0.856,
            "ru": 0.836,
            "tr": 0.8290000000000001,
            "ar": 0.835,
            "vi": 0.833,
            "th": 0.8170000000000001,
            "zh": 0.833,
            "hi": 0.84,
            "sw": 0.789,
            "ur": 0.7609999999999999
        }
    },
    {
        "train_config": {
            "ar": 1000,
            "bg": 100000,
            "de": 1000,
            "el": 10000,
            "en": 100000,
            "es": 1000,
            "fr": 0,
            "hi": 0,
            "ru": 100000,
            "sw": 0,
            "th": 0,
            "tr": 0,
            "ur": 10000,
            "vi": 10000,
            "zh": 100000
        },
        "eval_results": {
            "en": 0.894,
            "fr": 0.8590000000000001,
            "es": 0.871,
            "de": 0.8540000000000001,
            "el": 0.86,
            "bg": 0.8640000000000001,
            "ru": 0.836,
            "tr": 0.8340000000000001,
            "ar": 0.846,
            "vi": 0.84,
            "th": 0.8220000000000001,
            "zh": 0.833,
            "hi": 0.85,
            "sw": 0.792,
            "ur": 0.767
        }
    },
    {
        "train_config": {
            "ar": 100000,
            "bg": 100000,
            "de": 0,
            "el": 100000,
            "en": 100000,
            "es": 100000,
            "fr": 0,
            "hi": 0,
            "ru": 100000,
            "sw": 100000,
            "th": 0,
            "tr": 10000,
            "ur": 10000,
            "vi": 100000,
            "zh": 10000
        },
        "eval_results": {
            "en": 0.8909999999999999,
            "fr": 0.851,
            "es": 0.86,
            "de": 0.858,
            "el": 0.8540000000000001,
            "bg": 0.857,
            "ru": 0.8340000000000001,
            "tr": 0.835,
            "ar": 0.833,
            "vi": 0.835,
            "th": 0.815,
            "zh": 0.8320000000000001,
            "hi": 0.8440000000000001,
            "sw": 0.794,
            "ur": 0.7659999999999999
        }
    },
    {
        "train_config": {
            "ar": 0,
            "bg": 0,
            "de": 0,
            "el": 0,
            "en": 100000,
            "es": 1000,
            "fr": 0,
            "hi": 0,
            "ru": 0,
            "sw": 10000,
            "th": 10000,
            "tr": 0,
            "ur": 0,
            "vi": 0,
            "zh": 100000
        },
        "eval_results": {
            "en": 0.888,
            "fr": 0.846,
            "es": 0.858,
            "de": 0.8490000000000001,
            "el": 0.85,
            "bg": 0.848,
            "ru": 0.826,
            "tr": 0.825,
            "ar": 0.826,
            "vi": 0.83,
            "th": 0.8170000000000001,
            "zh": 0.836,
            "hi": 0.8340000000000001,
            "sw": 0.7829999999999999,
            "ur": 0.755
        }
    },
    {
        "train_config": {
            "ar": 10000,
            "bg": 10000,
            "de": 10000,
            "el": 0,
            "en": 10000,
            "es": 100000,
            "fr": 10000,
            "hi": 1000,
            "ru": 1000,
            "sw": 0,
            "th": 0,
            "tr": 10000,
            "ur": 0,
            "vi": 10000,
            "zh": 1000
        },
        "eval_results": {
            "en": 0.8909999999999999,
            "fr": 0.855,
            "es": 0.863,
            "de": 0.855,
            "el": 0.858,
            "bg": 0.8540000000000001,
            "ru": 0.8320000000000001,
            "tr": 0.828,
            "ar": 0.841,
            "vi": 0.8370000000000001,
            "th": 0.8109999999999999,
            "zh": 0.833,
            "hi": 0.84,
            "sw": 0.7879999999999999,
            "ur": 0.753
        }
    },
    {
        "train_config": {
            "ar": 0,
            "bg": 0,
            "de": 10000,
            "el": 0,
            "en": 100000,
            "es": 0,
            "fr": 0,
            "hi": 100000,
            "ru": 100000,
            "sw": 100000,
            "th": 0,
            "tr": 0,
            "ur": 0,
            "vi": 100000,
            "zh": 100000
        },
        "eval_results": {
            "en": 0.8909999999999999,
            "fr": 0.861,
            "es": 0.87,
            "de": 0.862,
            "el": 0.863,
            "bg": 0.8590000000000001,
            "ru": 0.843,
            "tr": 0.8390000000000001,
            "ar": 0.84,
            "vi": 0.845,
            "th": 0.8240000000000001,
            "zh": 0.8420000000000001,
            "hi": 0.853,
            "sw": 0.797,
            "ur": 0.7659999999999999
        }
    },
    {
        "train_config": {
            "ar": 0,
            "bg": 10000,
            "de": 0,
            "el": 1000,
            "en": 0,
            "es": 1000,
            "fr": 100000,
            "hi": 100000,
            "ru": 1000,
            "sw": 1000,
            "th": 10000,
            "tr": 10000,
            "ur": 100000,
            "vi": 10000,
            "zh": 0
        },
        "eval_results": {
            "en": 0.893,
            "fr": 0.852,
            "es": 0.863,
            "de": 0.851,
            "el": 0.8540000000000001,
            "bg": 0.858,
            "ru": 0.831,
            "tr": 0.836,
            "ar": 0.8370000000000001,
            "vi": 0.8370000000000001,
            "th": 0.815,
            "zh": 0.833,
            "hi": 0.8440000000000001,
            "sw": 0.7909999999999999,
            "ur": 0.755
        }
    },
    {
        "train_config": {
            "ar": 0,
            "bg": 10000,
            "de": 100000,
            "el": 100000,
            "en": 100000,
            "es": 100000,
            "fr": 1000,
            "hi": 10000,
            "ru": 100000,
            "sw": 100000,
            "th": 1000,
            "tr": 100000,
            "ur": 1000,
            "vi": 0,
            "zh": 0
        },
        "eval_results": {
            "en": 0.8959999999999999,
            "fr": 0.861,
            "es": 0.866,
            "de": 0.86,
            "el": 0.863,
            "bg": 0.8640000000000001,
            "ru": 0.843,
            "tr": 0.8440000000000001,
            "ar": 0.84,
            "vi": 0.841,
            "th": 0.8220000000000001,
            "zh": 0.84,
            "hi": 0.85,
            "sw": 0.797,
            "ur": 0.775
        }
    },
    {
        "train_config": {
            "ar": 0,
            "bg": 0,
            "de": 0,
            "el": 100000,
            "en": 100000,
            "es": 100000,
            "fr": 100000,
            "hi": 100000,
            "ru": 100000,
            "sw": 100000,
            "th": 0,
            "tr": 0,
            "ur": 10000,
            "vi": 100000,
            "zh": 100000
        },
        "eval_results": {
            "en": 0.8959999999999999,
            "fr": 0.856,
            "es": 0.863,
            "de": 0.857,
            "el": 0.855,
            "bg": 0.857,
            "ru": 0.835,
            "tr": 0.836,
            "ar": 0.835,
            "vi": 0.835,
            "th": 0.82,
            "zh": 0.8390000000000001,
            "hi": 0.841,
            "sw": 0.784,
            "ur": 0.764
        }
    },
    {
        "train_config": {
            "ar": 10000,
            "bg": 100000,
            "de": 10000,
            "el": 0,
            "en": 0,
            "es": 100000,
            "fr": 100000,
            "hi": 100000,
            "ru": 100000,
            "sw": 100000,
            "th": 0,
            "tr": 0,
            "ur": 0,
            "vi": 100000,
            "zh": 0
        },
        "eval_results": {
            "en": 0.895,
            "fr": 0.863,
            "es": 0.872,
            "de": 0.861,
            "el": 0.8640000000000001,
            "bg": 0.865,
            "ru": 0.843,
            "tr": 0.8420000000000001,
            "ar": 0.846,
            "vi": 0.848,
            "th": 0.8220000000000001,
            "zh": 0.845,
            "hi": 0.856,
            "sw": 0.8029999999999999,
            "ur": 0.78
        }
    },
    {
        "train_config": {
            "ar": 10000,
            "bg": 10000,
            "de": 10000,
            "el": 100000,
            "en": 100000,
            "es": 0,
            "fr": 100000,
            "hi": 0,
            "ru": 10000,
            "sw": 1000,
            "th": 100000,
            "tr": 1000,
            "ur": 0,
            "vi": 0,
            "zh": 100000
        },
        "eval_results": {
            "en": 0.894,
            "fr": 0.852,
            "es": 0.867,
            "de": 0.863,
            "el": 0.862,
            "bg": 0.863,
            "ru": 0.841,
            "tr": 0.838,
            "ar": 0.847,
            "vi": 0.843,
            "th": 0.8270000000000001,
            "zh": 0.8420000000000001,
            "hi": 0.8490000000000001,
            "sw": 0.794,
            "ur": 0.772
        }
    },
    {
        "train_config": {
            "ar": 100000,
            "bg": 0,
            "de": 0,
            "el": 0,
            "en": 100000,
            "es": 10000,
            "fr": 10000,
            "hi": 100000,
            "ru": 0,
            "sw": 10000,
            "th": 1000,
            "tr": 100000,
            "ur": 0,
            "vi": 0,
            "zh": 10000
        },
        "eval_results": {
            "en": 0.898,
            "fr": 0.853,
            "es": 0.87,
            "de": 0.857,
            "el": 0.86,
            "bg": 0.86,
            "ru": 0.835,
            "tr": 0.84,
            "ar": 0.84,
            "vi": 0.8370000000000001,
            "th": 0.826,
            "zh": 0.8420000000000001,
            "hi": 0.847,
            "sw": 0.794,
            "ur": 0.762
        }
    },
    {
        "train_config": {
            "ar": 0,
            "bg": 1000,
            "de": 0,
            "el": 1000,
            "en": 100000,
            "es": 0,
            "fr": 10000,
            "hi": 100000,
            "ru": 10000,
            "sw": 100000,
            "th": 0,
            "tr": 100000,
            "ur": 100000,
            "vi": 10000,
            "zh": 10000
        },
        "eval_results": {
            "en": 0.888,
            "fr": 0.853,
            "es": 0.8640000000000001,
            "de": 0.8540000000000001,
            "el": 0.856,
            "bg": 0.8590000000000001,
            "ru": 0.8370000000000001,
            "tr": 0.8340000000000001,
            "ar": 0.8420000000000001,
            "vi": 0.833,
            "th": 0.823,
            "zh": 0.841,
            "hi": 0.847,
            "sw": 0.8009999999999999,
            "ur": 0.764
        }
    },
    {
        "train_config": {
            "ar": 1000,
            "bg": 0,
            "de": 100000,
            "el": 1000,
            "en": 10000,
            "es": 100000,
            "fr": 10000,
            "hi": 0,
            "ru": 100000,
            "sw": 100000,
            "th": 100000,
            "tr": 100000,
            "ur": 100000,
            "vi": 0,
            "zh": 10000
        },
        "eval_results": {
            "en": 0.885,
            "fr": 0.856,
            "es": 0.865,
            "de": 0.855,
            "el": 0.855,
            "bg": 0.856,
            "ru": 0.8340000000000001,
            "tr": 0.8340000000000001,
            "ar": 0.8390000000000001,
            "vi": 0.835,
            "th": 0.82,
            "zh": 0.8390000000000001,
            "hi": 0.84,
            "sw": 0.794,
            "ur": 0.762
        }
    },
    {
        "train_config": {
            "ar": 100000,
            "bg": 100000,
            "de": 100000,
            "el": 100000,
            "en": 100000,
            "es": 10000,
            "fr": 100000,
            "hi": 1000,
            "ru": 100000,
            "sw": 100000,
            "th": 0,
            "tr": 100000,
            "ur": 100000,
            "vi": 100000,
            "zh": 10000
        },
        "eval_results": {
            "en": 0.894,
            "fr": 0.8540000000000001,
            "es": 0.8640000000000001,
            "de": 0.856,
            "el": 0.858,
            "bg": 0.861,
            "ru": 0.843,
            "tr": 0.84,
            "ar": 0.8390000000000001,
            "vi": 0.8370000000000001,
            "th": 0.8220000000000001,
            "zh": 0.838,
            "hi": 0.845,
            "sw": 0.792,
            "ur": 0.767
        }
    },
    {
        "train_config": {
            "ar": 1000,
            "bg": 0,
            "de": 0,
            "el": 100000,
            "en": 0,
            "es": 0,
            "fr": 100000,
            "hi": 100000,
            "ru": 0,
            "sw": 0,
            "th": 10000,
            "tr": 0,
            "ur": 1000,
            "vi": 0,
            "zh": 100000
        },
        "eval_results": {
            "en": 0.8959999999999999,
            "fr": 0.8590000000000001,
            "es": 0.863,
            "de": 0.853,
            "el": 0.86,
            "bg": 0.8590000000000001,
            "ru": 0.835,
            "tr": 0.8370000000000001,
            "ar": 0.8420000000000001,
            "vi": 0.833,
            "th": 0.8270000000000001,
            "zh": 0.8320000000000001,
            "hi": 0.846,
            "sw": 0.792,
            "ur": 0.769
        }
    },
    {
        "train_config": {
            "ar": 10000,
            "bg": 0,
            "de": 0,
            "el": 100000,
            "en": 100000,
            "es": 0,
            "fr": 10000,
            "hi": 0,
            "ru": 100000,
            "sw": 10000,
            "th": 0,
            "tr": 0,
            "ur": 1000,
            "vi": 100000,
            "zh": 100000
        },
        "eval_results": {
            "en": 0.894,
            "fr": 0.855,
            "es": 0.8690000000000001,
            "de": 0.8590000000000001,
            "el": 0.861,
            "bg": 0.861,
            "ru": 0.84,
            "tr": 0.836,
            "ar": 0.843,
            "vi": 0.8440000000000001,
            "th": 0.825,
            "zh": 0.843,
            "hi": 0.845,
            "sw": 0.797,
            "ur": 0.767
        }
    },
    {
        "train_config": {
            "ar": 0,
            "bg": 10000,
            "de": 0,
            "el": 0,
            "en": 0,
            "es": 100000,
            "fr": 1000,
            "hi": 0,
            "ru": 0,
            "sw": 100000,
            "th": 10000,
            "tr": 1000,
            "ur": 100000,
            "vi": 10000,
            "zh": 10000
        },
        "eval_results": {
            "en": 0.888,
            "fr": 0.855,
            "es": 0.86,
            "de": 0.856,
            "el": 0.855,
            "bg": 0.855,
            "ru": 0.835,
            "tr": 0.835,
            "ar": 0.826,
            "vi": 0.835,
            "th": 0.813,
            "zh": 0.83,
            "hi": 0.833,
            "sw": 0.7859999999999999,
            "ur": 0.755
        }
    },
    {
        "train_config": {
            "ar": 0,
            "bg": 100000,
            "de": 10000,
            "el": 10000,
            "en": 1000,
            "es": 0,
            "fr": 100000,
            "hi": 100000,
            "ru": 0,
            "sw": 100000,
            "th": 0,
            "tr": 0,
            "ur": 1000,
            "vi": 10000,
            "zh": 100000
        },
        "eval_results": {
            "en": 0.89,
            "fr": 0.856,
            "es": 0.862,
            "de": 0.857,
            "el": 0.8540000000000001,
            "bg": 0.858,
            "ru": 0.8370000000000001,
            "tr": 0.8370000000000001,
            "ar": 0.8340000000000001,
            "vi": 0.838,
            "th": 0.82,
            "zh": 0.8370000000000001,
            "hi": 0.8440000000000001,
            "sw": 0.79,
            "ur": 0.772
        }
    },
    {
        "train_config": {
            "ar": 0,
            "bg": 100000,
            "de": 10000,
            "el": 10000,
            "en": 1000,
            "es": 100000,
            "fr": 100000,
            "hi": 1000,
            "ru": 100000,
            "sw": 10000,
            "th": 1000,
            "tr": 1000,
            "ur": 100000,
            "vi": 1000,
            "zh": 0
        },
        "eval_results": {
            "en": 0.895,
            "fr": 0.858,
            "es": 0.8640000000000001,
            "de": 0.857,
            "el": 0.856,
            "bg": 0.863,
            "ru": 0.8420000000000001,
            "tr": 0.8340000000000001,
            "ar": 0.836,
            "vi": 0.8370000000000001,
            "th": 0.8190000000000001,
            "zh": 0.838,
            "hi": 0.838,
            "sw": 0.789,
            "ur": 0.737
        }
    },
    {
        "train_config": {
            "ar": 10000,
            "bg": 10000,
            "de": 100000,
            "el": 10000,
            "en": 100000,
            "es": 0,
            "fr": 0,
            "hi": 0,
            "ru": 100000,
            "sw": 100000,
            "th": 10000,
            "tr": 0,
            "ur": 10000,
            "vi": 0,
            "zh": 0
        },
        "eval_results": {
            "en": 0.894,
            "fr": 0.857,
            "es": 0.868,
            "de": 0.8590000000000001,
            "el": 0.855,
            "bg": 0.861,
            "ru": 0.8390000000000001,
            "tr": 0.833,
            "ar": 0.8370000000000001,
            "vi": 0.8340000000000001,
            "th": 0.82,
            "zh": 0.835,
            "hi": 0.836,
            "sw": 0.7929999999999999,
            "ur": 0.7559999999999999
        }
    },
    {
        "train_config": {
            "ar": 100000,
            "bg": 0,
            "de": 100000,
            "el": 0,
            "en": 10000,
            "es": 10000,
            "fr": 1000,
            "hi": 1000,
            "ru": 0,
            "sw": 100000,
            "th": 10000,
            "tr": 10000,
            "ur": 100000,
            "vi": 1000,
            "zh": 0
        },
        "eval_results": {
            "en": 0.893,
            "fr": 0.86,
            "es": 0.862,
            "de": 0.861,
            "el": 0.8590000000000001,
            "bg": 0.862,
            "ru": 0.8390000000000001,
            "tr": 0.836,
            "ar": 0.84,
            "vi": 0.84,
            "th": 0.8220000000000001,
            "zh": 0.8370000000000001,
            "hi": 0.848,
            "sw": 0.7929999999999999,
            "ur": 0.7559999999999999
        }
    },
    {
        "train_config": {
            "ar": 100000,
            "bg": 100000,
            "de": 0,
            "el": 100000,
            "en": 100000,
            "es": 0,
            "fr": 1000,
            "hi": 1000,
            "ru": 100000,
            "sw": 10000,
            "th": 0,
            "tr": 1000,
            "ur": 0,
            "vi": 0,
            "zh": 100000
        },
        "eval_results": {
            "en": 0.895,
            "fr": 0.857,
            "es": 0.862,
            "de": 0.86,
            "el": 0.8590000000000001,
            "bg": 0.861,
            "ru": 0.841,
            "tr": 0.838,
            "ar": 0.8390000000000001,
            "vi": 0.8370000000000001,
            "th": 0.813,
            "zh": 0.833,
            "hi": 0.838,
            "sw": 0.7929999999999999,
            "ur": 0.76
        }
    },
    {
        "train_config": {
            "ar": 0,
            "bg": 0,
            "de": 1000,
            "el": 100000,
            "en": 100000,
            "es": 100000,
            "fr": 0,
            "hi": 100000,
            "ru": 10000,
            "sw": 10000,
            "th": 0,
            "tr": 100000,
            "ur": 0,
            "vi": 0,
            "zh": 1000
        },
        "eval_results": {
            "en": 0.8909999999999999,
            "fr": 0.856,
            "es": 0.861,
            "de": 0.856,
            "el": 0.8590000000000001,
            "bg": 0.855,
            "ru": 0.83,
            "tr": 0.833,
            "ar": 0.833,
            "vi": 0.8340000000000001,
            "th": 0.8170000000000001,
            "zh": 0.836,
            "hi": 0.847,
            "sw": 0.794,
            "ur": 0.76
        }
    },
    {
        "train_config": {
            "ar": 0,
            "bg": 0,
            "de": 0,
            "el": 100000,
            "en": 100000,
            "es": 0,
            "fr": 0,
            "hi": 0,
            "ru": 10000,
            "sw": 0,
            "th": 100000,
            "tr": 1000,
            "ur": 10000,
            "vi": 1000,
            "zh": 0
        },
        "eval_results": {
            "en": 0.89,
            "fr": 0.8540000000000001,
            "es": 0.8640000000000001,
            "de": 0.858,
            "el": 0.86,
            "bg": 0.86,
            "ru": 0.843,
            "tr": 0.8370000000000001,
            "ar": 0.846,
            "vi": 0.838,
            "th": 0.8220000000000001,
            "zh": 0.8390000000000001,
            "hi": 0.8440000000000001,
            "sw": 0.792,
            "ur": 0.768
        }
    }
]