[{"filename": "XNLI_TULRv6Large_surprise_langs_same_configs.json", "rmse": 0.033680274419594626}, {"filename": "XNLI_XLMR_surprise_langs_same_configs.json", "rmse": 0.03796813532656419}, {"filename": "WikiANN_XLMR_surprise_langs_diff_configs.json", "rmse": 0.08253100682077803}, {"filename": "UDPOS_XLMR_surprise_langs_diff_configs.json", "rmse": 0.08064859869529445}, {"filename": "XNLI_TULRv6Large_surprise_langs_diff_configs.json", "rmse": 0.02448792584545552}, {"filename": "XNLI_XLMR_surprise_langs_diff_configs.json", "rmse": 0.03312491549646322}, {"filename": "UDPOS_XLMR_surprise_langs_same_configs.json", "rmse": 0.07023975604585013}, {"filename": "WikiANN_XLMR_surprise_langs_same_configs.json", "rmse": 0.09187889226516945}]